pmcid,filename,gold_fields,pred_fields,tp,fp,fn,tn,precision,recall,f1,mse,rmse,num_mse_comparisons,exact_match_accuracy,exact_match_correct,exact_match_total,exact_match_binary_correct,exact_match_binary_total,exact_match_continuous_correct,exact_match_continuous_total
3276927,3276927_zeroshot.jsonl,12,16,8,8,4,28,0.5,0.6666666666666666,0.5714285714285715,0.0,0.0,8,0.0,0,0,0,0,0,0
3580751,3580751_zeroshot.jsonl,6,0,0,0,6,2,0.0,0.0,0.0,0.0,0.0,0,0.0,0,1,0,0,0,1
3751573,3751573_zeroshot.jsonl,6,6,6,0,0,2,1.0,1.0,1.0,0.0,0.0,6,1.0,1,1,0,0,1,1
4450164,4450164_zeroshot.jsonl,4,2,0,0,4,4,0.0,0.0,0.0,82.0,9.055385138137417,2,0.0,0,1,0,1,0,0
5244530,5244530_zeroshot.jsonl,20,22,18,4,2,32,0.8181818181818182,0.9,0.8571428571428572,0.0,0.0,18,0.6666666666666666,2,3,2,3,0,0
5498715,5498715_zeroshot.jsonl,90,90,24,0,66,30,1.0,0.26666666666666666,0.4210526315789474,1794.4186111111117,42.36057850302698,90,0.0,0,15,0,0,0,15
5771543,5771543_zeroshot.jsonl,16,16,16,0,0,16,1.0,1.0,1.0,0.0,0.0,16,1.0,4,4,4,4,0,0
57750,57750_zeroshot.jsonl,0,0,0,0,0,16,0.0,0.0,0.0,0.0,0.0,0,0.0,0,0,0,0,0,0
