pmcid,filename,gold_fields,pred_fields,tp,fp,fn,tn,precision,recall,f1,mse,rmse,num_mse_comparisons,exact_match_accuracy,exact_match_correct,exact_match_total,exact_match_binary_correct,exact_match_binary_total,exact_match_continuous_correct,exact_match_continuous_total
3276927,3276927_fewshot.jsonl,12,12,12,0,0,36,1.0,1.0,1.0,0.0,0.0,12,0.0,0,0,0,0,0,0
3580751,3580751_fewshot.jsonl,6,0,0,0,6,2,0.0,0.0,0.0,0.0,0.0,0,0.0,0,1,0,0,0,1
3751573,3751573_fewshot.jsonl,6,6,6,0,0,2,1.0,1.0,1.0,0.0,0.0,6,1.0,1,1,0,0,1,1
4450164,4450164_fewshot.jsonl,4,2,0,0,4,4,0.0,0.0,0.0,82.0,9.055385138137417,2,0.0,0,1,0,1,0,0
5244530,5244530_fewshot.jsonl,20,24,14,6,6,30,0.7,0.7,0.7,620.2777777777778,24.90537648335752,18,0.3333333333333333,1,3,1,3,0,0
5498715,5498715_fewshot.jsonl,90,90,24,0,66,30,1.0,0.26666666666666666,0.4210526315789474,1794.4186111111117,42.36057850302698,90,0.0,0,15,0,0,0,15
5771543,5771543_fewshot.jsonl,16,16,16,0,0,16,1.0,1.0,1.0,0.0,0.0,16,1.0,4,4,4,4,0,0
57750,57750_fewshot.jsonl,0,4,0,4,0,12,0.0,0.0,0.0,0.0,0.0,0,0.0,0,0,0,0,0,0
