{
  "stats": {
    "total": 8,
    "success": 8,
    "failed": 0,
    "skipped": 0
  },
  "failures": [],
  "eval": {
    "run_name": "gpt_5_1_fewshot_20251209_104548",
    "num_articles": 8,
    "total_gold_fields": 154,
    "total_pred_fields": 154,
    "total_tp": 72,
    "total_fp": 10,
    "total_fn": 82,
    "total_tn": 132,
    "macro_precision": 0.5875,
    "macro_recall": 0.49583333333333335,
    "macro_f1": 0.5151315789473684,
    "micro_precision": 0.8780487804878049,
    "micro_recall": 0.4675324675324675,
    "micro_f1": 0.6101694915254238,
    "overall_mse": 1200.185243055556,
    "overall_rmse": 34.643689801398985,
    "total_mse_comparisons": 144,
    "exact_match_accuracy": 0.24,
    "exact_match_correct": 6,
    "exact_match_total": 25,
    "exact_match_by_type": {
      "binary": {
        "correct": 5,
        "total": 8,
        "accuracy": 0.625
      },
      "continuous": {
        "correct": 1,
        "total": 17,
        "accuracy": 0.058823529411764705
      }
    },
    "per_field_micro": {
      "intervention_group_size": {
        "tp": 17,
        "fp": 1,
        "fn": 18,
        "tn": 1,
        "precision": 0.9444444444444444,
        "recall": 0.4857142857142857,
        "f1": 0.6415094339622641,
        "mse": 183.85294117647058,
        "rmse": 13.559238222572482,
        "num_comparisons": 34
      },
      "comparator_group_size": {
        "tp": 17,
        "fp": 1,
        "fn": 18,
        "tn": 1,
        "precision": 0.9444444444444444,
        "recall": 0.4857142857142857,
        "f1": 0.6415094339622641,
        "mse": 148.97058823529412,
        "rmse": 12.205350803450678,
        "num_comparisons": 34
      },
      "intervention_events": {
        "tp": 5,
        "fp": 2,
        "fn": 3,
        "tn": 27,
        "precision": 0.7142857142857143,
        "recall": 0.625,
        "f1": 0.6666666666666666,
        "mse": 24.0,
        "rmse": 4.898979485566356,
        "num_comparisons": 6
      },
      "comparator_events": {
        "tp": 5,
        "fp": 2,
        "fn": 3,
        "tn": 27,
        "precision": 0.7142857142857143,
        "recall": 0.625,
        "f1": 0.6666666666666666,
        "mse": 80.66666666666667,
        "rmse": 8.981462390204987,
        "num_comparisons": 6
      },
      "intervention_mean": {
        "tp": 6,
        "fp": 1,
        "fn": 11,
        "tn": 19,
        "precision": 0.8571428571428571,
        "recall": 0.35294117647058826,
        "f1": 0.5,
        "mse": 8406.060668750002,
        "rmse": 91.68457159604337,
        "num_comparisons": 16
      },
      "comparator_mean": {
        "tp": 9,
        "fp": 1,
        "fn": 8,
        "tn": 19,
        "precision": 0.9,
        "recall": 0.5294117647058824,
        "f1": 0.6666666666666667,
        "mse": 17.045306250000014,
        "rmse": 4.128596159713373,
        "num_comparisons": 16
      },
      "intervention_standard_deviation": {
        "tp": 6,
        "fp": 1,
        "fn": 11,
        "tn": 19,
        "precision": 0.8571428571428571,
        "recall": 0.35294117647058826,
        "f1": 0.5,
        "mse": 1607.9965062500005,
        "rmse": 40.09983174840015,
        "num_comparisons": 16
      },
      "comparator_standard_deviation": {
        "tp": 7,
        "fp": 1,
        "fn": 10,
        "tn": 19,
        "precision": 0.875,
        "recall": 0.4117647058823529,
        "f1": 0.56,
        "mse": 24.064706249999993,
        "rmse": 4.905579094255844,
        "num_comparisons": 16
      }
    }
  },
  "run_folder": "outputs/gpt_5_1_fewshot_20251209_104548"
}