{
  "run_name": "gpt_5_1_zeroshot_20251209_092659",
  "num_articles": 10,
  "total_gold_fields": 182,
  "total_pred_fields": 178,
  "total_tp": 58,
  "total_fp": 12,
  "total_fn": 124,
  "total_tn": 150,
  "macro_precision": 0.5958333333333333,
  "macro_recall": 0.3661111111111111,
  "macro_f1": 0.41522664048437247,
  "micro_precision": 0.8285714285714286,
  "micro_recall": 0.31868131868131866,
  "micro_f1": 0.46031746031746035,
  "per_field_micro": {
    "intervention_group_size": {
      "tp": 17,
      "fp": 0,
      "fn": 24,
      "tn": 2,
      "precision": 1.0,
      "recall": 0.4146341463414634,
      "f1": 0.5862068965517241
    },
    "comparator_group_size": {
      "tp": 17,
      "fp": 0,
      "fn": 24,
      "tn": 2,
      "precision": 1.0,
      "recall": 0.4146341463414634,
      "f1": 0.5862068965517241
    },
    "intervention_events": {
      "tp": 6,
      "fp": 1,
      "fn": 2,
      "tn": 34,
      "precision": 0.8571428571428571,
      "recall": 0.75,
      "f1": 0.7999999999999999
    },
    "comparator_events": {
      "tp": 6,
      "fp": 1,
      "fn": 2,
      "tn": 34,
      "precision": 0.8571428571428571,
      "recall": 0.75,
      "f1": 0.7999999999999999
    },
    "intervention_mean": {
      "tp": 6,
      "fp": 1,
      "fn": 17,
      "tn": 19,
      "precision": 0.8571428571428571,
      "recall": 0.2608695652173913,
      "f1": 0.4
    },
    "comparator_mean": {
      "tp": 4,
      "fp": 1,
      "fn": 19,
      "tn": 19,
      "precision": 0.8,
      "recall": 0.17391304347826086,
      "f1": 0.2857142857142857
    },
    "intervention_standard_deviation": {
      "tp": 2,
      "fp": 4,
      "fn": 17,
      "tn": 20,
      "precision": 0.3333333333333333,
      "recall": 0.10526315789473684,
      "f1": 0.16
    },
    "comparator_standard_deviation": {
      "tp": 0,
      "fp": 4,
      "fn": 19,
      "tn": 20,
      "precision": 0.0,
      "recall": 0.0,
      "f1": 0.0
    }
  }
}