{
  "aggregated": {
    "precision": 0.9617202268431002,
    "recall": 0.6990724836825833,
    "f1": 0.8096280087527353,
    "rmse": 265.42795789345365,
    "true_positives": 2035,
    "false_positives": 81,
    "false_negatives": 876,
    "f1_ci_lower": 0.7978851033635991,
    "f1_ci_upper": 0.8215695886197616,
    "rmse_ci_lower": 156.09428985218182,
    "rmse_ci_upper": 355.33059560067045,
    "exact_match": 0.4992412746585736
  },
  "exact_match": 0.4992412746585736,
  "by_field": {
    "comparator_events": {
      "precision": 0.957983193277311,
      "recall": 0.75,
      "f1": 0.8413284132841328,
      "rmse": 1.3760242087081243,
      "true_positives": 114,
      "false_positives": 5,
      "false_negatives": 38,
      "f1_ci_lower": 0.7924454310025897,
      "f1_ci_upper": 0.8840579710144928,
      "rmse_ci_lower": 0.48983716679825556,
      "rmse_ci_upper": 2.067445329992889
    },
    "comparator_group_size": {
      "precision": 0.997920997920998,
      "recall": 0.7373271889400922,
      "f1": 0.8480565371024736,
      "rmse": 382.4886699583952,
      "true_positives": 480,
      "false_positives": 1,
      "false_negatives": 171,
      "f1_ci_lower": 0.8251098715691815,
      "f1_ci_upper": 0.8704043900801248,
      "rmse_ci_lower": 157.97454224999473,
      "rmse_ci_upper": 573.9362263828442
    },
    "comparator_mean": {
      "precision": 0.89453125,
      "recall": 0.6291208791208791,
      "f1": 0.7387096774193548,
      "rmse": 36.56056118602788,
      "true_positives": 229,
      "false_positives": 27,
      "false_negatives": 135,
      "f1_ci_lower": 0.6998284734133792,
      "f1_ci_upper": 0.7750801956377532,
      "rmse_ci_lower": 16.94164231014794,
      "rmse_ci_upper": 54.89679060437921
    },
    "comparator_standard_deviation": {
      "precision": 0.9633507853403142,
      "recall": 0.6388888888888888,
      "f1": 0.7682672233820459,
      "rmse": 2.9296432487962405,
      "true_positives": 184,
      "false_positives": 7,
      "false_negatives": 104,
      "f1_ci_lower": 0.7253207093335848,
      "f1_ci_upper": 0.8108183183183183,
      "rmse_ci_lower": 1.5257785669228572,
      "rmse_ci_upper": 4.140172848183493
    },
    "intervention_events": {
      "precision": 0.9583333333333334,
      "recall": 0.756578947368421,
      "f1": 0.8455882352941176,
      "rmse": 1.2675004445952593,
      "true_positives": 115,
      "false_positives": 5,
      "false_negatives": 37,
      "f1_ci_lower": 0.7956969625618084,
      "f1_ci_upper": 0.8889080459770116,
      "rmse_ci_lower": 0.4412320867456196,
      "rmse_ci_upper": 1.9339051812383323
    },
    "intervention_group_size": {
      "precision": 0.9979166666666667,
      "recall": 0.7357910906298003,
      "f1": 0.8470380194518126,
      "rmse": 400.6192688568041,
      "true_positives": 479,
      "false_positives": 1,
      "false_negatives": 172,
      "f1_ci_lower": 0.8247899587802445,
      "f1_ci_upper": 0.8687523271202028,
      "rmse_ci_lower": 155.33522513089235,
      "rmse_ci_upper": 594.025987512532
    },
    "intervention_mean": {
      "precision": 0.8966789667896679,
      "recall": 0.6657534246575343,
      "f1": 0.7641509433962265,
      "rmse": 34.878348894331054,
      "true_positives": 243,
      "false_positives": 28,
      "false_negatives": 122,
      "f1_ci_lower": 0.7263987837837839,
      "f1_ci_upper": 0.7958696548474496,
      "rmse_ci_lower": 15.547743298227871,
      "rmse_ci_upper": 53.49874323341058
    },
    "intervention_standard_deviation": {
      "precision": 0.9646464646464646,
      "recall": 0.6631944444444444,
      "f1": 0.7860082304526748,
      "rmse": 3.1324658716376765,
      "true_positives": 191,
      "false_positives": 7,
      "false_negatives": 97,
      "f1_ci_lower": 0.742612864671049,
      "f1_ci_upper": 0.8246637726550446,
      "rmse_ci_lower": 1.9791779249995431,
      "rmse_ci_upper": 4.1863323060054585
    }
  },
  "figures_subset": {
    "aggregated": {
      "precision": 0.9626168224299065,
      "recall": 0.5378590078328982,
      "f1": 0.6901172529313233,
      "rmse": 42.64981817872107,
      "true_positives": 206,
      "false_positives": 8,
      "false_negatives": 177,
      "f1_ci_lower": 0.6442896143783414,
      "f1_ci_upper": 0.7314830350484713,
      "rmse_ci_lower": 6.223966523287702,
      "rmse_ci_upper": 66.32912310930011
    },
    "by_field": {
      "comparator_events": {
        "precision": 0.6666666666666666,
        "recall": 0.4,
        "f1": 0.5,
        "rmse": 0.0,
        "true_positives": 2,
        "false_positives": 1,
        "false_negatives": 3,
        "f1_ci_lower": 0.0,
        "f1_ci_upper": 0.8571428571428571,
        "rmse_ci_lower": 0.0,
        "rmse_ci_upper": 0.0
      },
      "comparator_group_size": {
        "precision": 1.0,
        "recall": 0.6701030927835051,
        "f1": 0.8024691358024691,
        "rmse": 9.433244993697086,
        "true_positives": 65,
        "false_positives": 0,
        "false_negatives": 32,
        "f1_ci_lower": 0.7236842105263158,
        "f1_ci_upper": 0.8654970760233918,
        "rmse_ci_lower": 3.8413950552284444,
        "rmse_ci_upper": 14.17907828814311
      },
      "comparator_mean": {
        "precision": 0.9166666666666666,
        "recall": 0.3188405797101449,
        "f1": 0.47311827956989244,
        "rmse": 82.4130382144836,
        "true_positives": 22,
        "false_positives": 2,
        "false_negatives": 47,
        "f1_ci_lower": 0.33707865168539325,
        "f1_ci_upper": 0.5849056603773585,
        "rmse_ci_lower": 4.7781687581774746,
        "rmse_ci_upper": 144.42345376886962
      },
      "comparator_standard_deviation": {
        "precision": 0.9333333333333333,
        "recall": 0.7,
        "f1": 0.8,
        "rmse": 0.0,
        "true_positives": 14,
        "false_positives": 1,
        "false_negatives": 6,
        "f1_ci_lower": 0.6284821428571429,
        "f1_ci_upper": 0.9285714285714286,
        "rmse_ci_lower": 0.0,
        "rmse_ci_upper": 0.0
      },
      "intervention_events": {
        "precision": 0.6666666666666666,
        "recall": 0.4,
        "f1": 0.5,
        "rmse": 0.0,
        "true_positives": 2,
        "false_positives": 1,
        "false_negatives": 3,
        "f1_ci_lower": 0.0,
        "f1_ci_upper": 0.8571428571428571,
        "rmse_ci_lower": 0.0,
        "rmse_ci_upper": 0.0
      },
      "intervention_group_size": {
        "precision": 1.0,
        "recall": 0.6494845360824743,
        "f1": 0.7875000000000001,
        "rmse": 6.154266812545585,
        "true_positives": 63,
        "false_positives": 0,
        "false_negatives": 34,
        "f1_ci_lower": 0.7150176600441503,
        "f1_ci_upper": 0.8520710059171598,
        "rmse_ci_lower": 2.8719571363624192,
        "rmse_ci_upper": 8.87547123642942
      },
      "intervention_mean": {
        "precision": 0.9230769230769231,
        "recall": 0.34285714285714286,
        "f1": 0.5000000000000001,
        "rmse": 85.01571353741532,
        "true_positives": 24,
        "false_positives": 2,
        "false_negatives": 46,
        "f1_ci_lower": 0.3736263736263737,
        "f1_ci_upper": 0.6138994668697637,
        "rmse_ci_lower": 0.17885674019918446,
        "rmse_ci_upper": 154.89570621500826
      },
      "intervention_standard_deviation": {
        "precision": 0.9333333333333333,
        "recall": 0.7,
        "f1": 0.8,
        "rmse": 0.0,
        "true_positives": 14,
        "false_positives": 1,
        "false_negatives": 6,
        "f1_ci_lower": 0.6363636363636364,
        "f1_ci_upper": 0.9333333333333333,
        "rmse_ci_lower": 0.0,
        "rmse_ci_upper": 0.0
      }
    }
  }
}