pmcid,filename,gold_fields,pred_fields,tp,fp,fn,tn,precision,recall,f1,mse,rmse,num_mse_comparisons,exact_match_accuracy,exact_match_correct,exact_match_total,exact_match_binary_correct,exact_match_binary_total,exact_match_continuous_correct,exact_match_continuous_total
3276927,3276927_zeroshot.jsonl,12,20,12,8,0,28,0.6,1.0,0.7499999999999999,0.0,0.0,12,0.0,0,0,0,0,0,0
3580751,3580751_zeroshot.jsonl,6,6,4,0,2,2,1.0,0.6666666666666666,0.8,230570.83333333334,480.1779184149697,6,0.0,0,1,0,0,0,1
3751573,3751573_zeroshot.jsonl,6,6,6,0,0,2,1.0,1.0,1.0,0.0,0.0,6,1.0,1,1,0,0,1,1
4450164,4450164_zeroshot.jsonl,4,4,0,0,4,4,0.0,0.0,0.0,93.0,9.643650760992955,4,0.0,0,1,0,1,0,0
5244530,5244530_zeroshot.jsonl,20,18,10,6,10,30,0.625,0.5,0.5555555555555556,229.08333333333334,15.1354991108101,12,0.6666666666666666,2,3,2,3,0,0
5498715,5498715_zeroshot.jsonl,90,90,54,0,36,30,1.0,0.6,0.7499999999999999,1787.5852777777784,42.27984481733321,90,0.3333333333333333,5,15,0,0,5,15
5771543,5771543_zeroshot.jsonl,16,16,16,0,0,16,1.0,1.0,1.0,0.0,0.0,16,1.0,4,4,4,4,0,0
