{
  "run_name": "gpt_5_1_gpt5direct_20251203_231416",
  "num_articles": 2,
  "total_gold_facts": 16,
  "total_pred_facts": 20,
  "total_tp": 12,
  "total_fp_in_gold": 4,
  "total_fn": 4,
  "total_extra_predictions": 2,
  "macro_precision": 0.6666666666666667,
  "macro_recall": 0.6666666666666667,
  "macro_f1": 0.6666666666666667,
  "micro_precision": 0.75,
  "micro_recall": 0.75,
  "micro_f1": 0.75
}