{
  "run_name": "gemini_2_5_pro_direct_20251208_053857",
  "num_articles": 10,
  "total_gold_facts": 188,
  "total_pred_facts": 188,
  "total_tp": 139,
  "total_fp_in_gold": 31,
  "total_fn": 49,
  "total_extra_predictions": 18,
  "macro_precision": 0.7427976190476191,
  "macro_recall": 0.6813873626373625,
  "macro_f1": 0.704562324929972,
  "micro_precision": 0.8176470588235294,
  "micro_recall": 0.7393617021276596,
  "micro_f1": 0.776536312849162
}