{
  "aggregated": {
    "precision": 0.8666666666666667,
    "recall": 0.43333333333333335,
    "f1": 0.5777777777777778,
    "rmse": 35.43482924537169,
    "true_positives": 65,
    "false_positives": 10,
    "false_negatives": 85,
    "exact_match": 0.2727272727272727
  },
  "by_field": {
    "comparator_events": {
      "precision": 1.0,
      "recall": 0.8,
      "f1": 0.888888888888889,
      "rmse": 5.366563145999495,
      "true_positives": 4,
      "false_positives": 0,
      "false_negatives": 1
    },
    "comparator_group_size": {
      "precision": 1.0,
      "recall": 0.41935483870967744,
      "f1": 0.5909090909090909,
      "rmse": 3.1885210782848317,
      "true_positives": 13,
      "false_positives": 0,
      "false_negatives": 18
    },
    "comparator_mean": {
      "precision": 0.5833333333333334,
      "recall": 0.35,
      "f1": 0.4375,
      "rmse": 27.551534712244255,
      "true_positives": 7,
      "false_positives": 5,
      "false_negatives": 13
    },
    "comparator_standard_deviation": {
      "precision": 1.0,
      "recall": 0.42105263157894735,
      "f1": 0.5925925925925926,
      "rmse": 4.800996058933472,
      "true_positives": 8,
      "false_positives": 0,
      "false_negatives": 11
    },
    "intervention_events": {
      "precision": 1.0,
      "recall": 0.8,
      "f1": 0.888888888888889,
      "rmse": 3.5777087639996634,
      "true_positives": 4,
      "false_positives": 0,
      "false_negatives": 1
    },
    "intervention_group_size": {
      "precision": 1.0,
      "recall": 0.45161290322580644,
      "f1": 0.6222222222222222,
      "rmse": 3.9791121287711073,
      "true_positives": 14,
      "false_positives": 0,
      "false_negatives": 17
    },
    "intervention_mean": {
      "precision": 0.6153846153846154,
      "recall": 0.4,
      "f1": 0.4848484848484849,
      "rmse": 84.69404734100266,
      "true_positives": 8,
      "false_positives": 5,
      "false_negatives": 12
    },
    "intervention_standard_deviation": {
      "precision": 1.0,
      "recall": 0.3684210526315789,
      "f1": 0.5384615384615384,
      "rmse": 36.82354667157531,
      "true_positives": 7,
      "false_positives": 0,
      "false_negatives": 12
    }
  }
}