{
  "stats": {
    "total": 118,
    "success": 117,
    "failed": 1,
    "skipped": 0
  },
  "failures": [
    [
      3343759,
      "Expecting value: line 11 column 33 (char 358)"
    ]
  ],
  "eval": {
    "run_name": "gpt_5_1_zeroshot_20251208_194555",
    "num_articles": 117,
    "total_gold_fields": 3001,
    "total_pred_fields": 2927,
    "total_tp": 2145,
    "total_fp": 227,
    "total_fn": 856,
    "total_tn": 2220,
    "macro_precision": 0.8258620063339498,
    "macro_recall": 0.6813544909797922,
    "macro_f1": 0.7201152713607386,
    "micro_precision": 0.904300168634064,
    "micro_recall": 0.7147617460846385,
    "micro_f1": 0.7984366275823563,
    "per_field_micro": {
      "intervention_group_size": {
        "tp": 524,
        "fp": 1,
        "fn": 148,
        "tn": 8,
        "precision": 0.9980952380952381,
        "recall": 0.7797619047619048,
        "f1": 0.8755221386800334
      },
      "comparator_group_size": {
        "tp": 537,
        "fp": 1,
        "fn": 135,
        "tn": 8,
        "precision": 0.9981412639405205,
        "recall": 0.7991071428571429,
        "f1": 0.887603305785124
      },
      "intervention_events": {
        "tp": 130,
        "fp": 31,
        "fn": 29,
        "tn": 491,
        "precision": 0.8074534161490683,
        "recall": 0.8176100628930818,
        "f1": 0.8125000000000001
      },
      "comparator_events": {
        "tp": 131,
        "fp": 31,
        "fn": 28,
        "tn": 491,
        "precision": 0.808641975308642,
        "recall": 0.8238993710691824,
        "f1": 0.8161993769470406
      },
      "intervention_mean": {
        "tp": 238,
        "fp": 52,
        "fn": 134,
        "tn": 257,
        "precision": 0.8206896551724138,
        "recall": 0.6397849462365591,
        "f1": 0.7190332326283988
      },
      "comparator_mean": {
        "tp": 240,
        "fp": 51,
        "fn": 131,
        "tn": 259,
        "precision": 0.8247422680412371,
        "recall": 0.6469002695417789,
        "f1": 0.7250755287009063
      },
      "intervention_standard_deviation": {
        "tp": 170,
        "fp": 30,
        "fn": 128,
        "tn": 353,
        "precision": 0.85,
        "recall": 0.5704697986577181,
        "f1": 0.6827309236947792
      },
      "comparator_standard_deviation": {
        "tp": 175,
        "fp": 30,
        "fn": 123,
        "tn": 353,
        "precision": 0.8536585365853658,
        "recall": 0.587248322147651,
        "f1": 0.6958250497017893
      }
    }
  },
  "run_folder": "outputs/gpt_5_1_zeroshot_20251208_194555"
}