{
  "stats": {
    "total": 10,
    "success": 10,
    "failed": 0,
    "skipped": 0
  },
  "failures": [],
  "eval": {
    "run_name": "gpt_5_1_zeroshot_20251209_092436",
    "num_articles": 10,
    "total_gold_fields": 182,
    "total_pred_fields": 180,
    "total_tp": 68,
    "total_fp": 12,
    "total_fn": 114,
    "total_tn": 150,
    "macro_precision": 0.6,
    "macro_recall": 0.4677777777777778,
    "macro_f1": 0.49187659871327805,
    "micro_precision": 0.85,
    "micro_recall": 0.37362637362637363,
    "micro_f1": 0.5190839694656488,
    "per_field_micro": {
      "intervention_group_size": {
        "tp": 18,
        "fp": 0,
        "fn": 23,
        "tn": 2,
        "precision": 1.0,
        "recall": 0.43902439024390244,
        "f1": 0.6101694915254238
      },
      "comparator_group_size": {
        "tp": 18,
        "fp": 0,
        "fn": 23,
        "tn": 2,
        "precision": 1.0,
        "recall": 0.43902439024390244,
        "f1": 0.6101694915254238
      },
      "intervention_events": {
        "tp": 6,
        "fp": 1,
        "fn": 2,
        "tn": 34,
        "precision": 0.8571428571428571,
        "recall": 0.75,
        "f1": 0.7999999999999999
      },
      "comparator_events": {
        "tp": 6,
        "fp": 1,
        "fn": 2,
        "tn": 34,
        "precision": 0.8571428571428571,
        "recall": 0.75,
        "f1": 0.7999999999999999
      },
      "intervention_mean": {
        "tp": 8,
        "fp": 1,
        "fn": 15,
        "tn": 19,
        "precision": 0.8888888888888888,
        "recall": 0.34782608695652173,
        "f1": 0.5
      },
      "comparator_mean": {
        "tp": 6,
        "fp": 1,
        "fn": 17,
        "tn": 19,
        "precision": 0.8571428571428571,
        "recall": 0.2608695652173913,
        "f1": 0.4
      },
      "intervention_standard_deviation": {
        "tp": 4,
        "fp": 4,
        "fn": 15,
        "tn": 20,
        "precision": 0.5,
        "recall": 0.21052631578947367,
        "f1": 0.2962962962962963
      },
      "comparator_standard_deviation": {
        "tp": 2,
        "fp": 4,
        "fn": 17,
        "tn": 20,
        "precision": 0.3333333333333333,
        "recall": 0.10526315789473684,
        "f1": 0.16
      }
    }
  },
  "run_folder": "outputs/gpt_5_1_zeroshot_20251209_092436"
}