id,evidence_inference_prompt_id,pmcid,outcome,intervention,comparator,outcome_type,intervention_events,intervention_group_size,comparator_events,comparator_group_size,intervention_mean,intervention_standard_deviation,comparator_mean,comparator_standard_deviation,notes,is_data_in_figure_graphics,is_relevant_data_in_table,is_table_in_graphic_format,is_data_complete,tiktoken_with_attributes_xml_token_num,tiktoken_without_attributes_xml_token_num,tiktoken_without_attributes_markdown_token_num,split
1,11248,57750,Death or myocardial infarction,eptifibatide,placebo,binary,,,,,,,,,Group sizes are not given so the events cannot calculate using the percentages.,False,False,False,False,5811.0,4777.0,3265.0,DEV
2,11249,57750,Myocardial infarction,eptifibatide,placebo,binary,,,,,,,,,Group sizes are not given so the events cannot calculate using the percentages.,False,False,False,False,5811.0,4777.0,3265.0,DEV
3,11266,1216327,The mean body weight gain,White Grape Juice (WGJ),colored and flavored water (WA),continuous,,30.0,,30.0,50.6,,-0.7,,Missing standard deviations,False,True,False,False,6350.0,5198.0,3913.0,DEV
4,11267,1216327,The duration of the illness,White Grape Juice (WGJ),colored and flavored water (WA),continuous,,30.0,,30.0,47.5,38.9,26.5,27.4,,False,True,False,True,6350.0,5198.0,3913.0,DEV
5,11268,1216327,The fecal losses,White Grape Juice (WGJ),colored and flavored water (WA),continuous,,30.0,,30.0,3.59,2.35,2.19,1.63,,False,True,False,True,6350.0,5198.0,3913.0,DEV
6,11451,1574360,The amount of saturated fat in the foods purchased,fully automated advice that recommended specific switches from selected products higher in saturated fat to alternate similar products lower in saturated fat,control received general non-specific advice about how to eat a diet lower in saturated fat,continuous,,251.0,,246.0,0.77,1.37,0.04,0.32,Have to use CI to calculate the SDs,False,False,True,True,1959.0,1620.0,1376.0,TEST
7,11452,1574360,the average cost of the food,fully automated advice that recommended specific switches from selected products higher in saturated fat to alternate similar products lower in saturated fat,control received general non-specific advice about how to eat a diet lower in saturated fat,xx,,251.0,,246.0,0.63,0.4,0.62,0.36,Have to use CI to calculate the SDs,False,False,True,False,1959.0,1620.0,1376.0,TEST
8,9683,2363753,Days with fever,Amifostine,Control,continuous,,20.0,,20.0,,,,,Only median reported,False,False,False,False,887.0,780.0,725.0,TEST
9,9684,2363753,Hospital stay,Amifostine,Control,continuous,,20.0,,20.0,16.0,,18.0,,No SD information provided,False,False,False,False,887.0,780.0,725.0,TEST
10,9682,2363753,Grade III/IV stomatitis,Amifostine,Control,binary,5.0,20.0,10.0,20.0,,,,,Abstract and result section do not agree. Settled on result section value as correct,False,False,False,True,887.0,780.0,725.0,TEST
11,9681,2363753,Glomerular filtration rate fall,Amifostine,Control,continuous,,20.0,,20.0,10.0,,37.0,,No SD information provided,False,False,False,False,887.0,780.0,725.0,TEST
12,12632,5459456,number of days with received courses of antibiotics,some portion of therapy outside of the hospital (CoPAT),full course of therapy in the hospital setting,continuous,,103.0,,97.0,25.4,23.34,13.5,9.49,,False,False,False,True,11722.0,8106.0,5529.0,TEST
13,12633,2667135,proportion of patients completed therapy,some portion of therapy outside of the hospital (CoPAT),full course of therapy in the hospital setting,binary,93.0,103.0,44.0,97.0,,,,,,False,True,False,True,11722.0,8106.0,5529.0,TEST
14,12634,2667135,early discontinuations,some portion of therapy outside of the hospital (CoPAT),full course of therapy in the hospital setting,binary,10.0,103.0,54.0,97.0,,,,,,False,True,False,True,11722.0,8106.0,5529.0,TEST
15,12635,2667135,rate of clinical success at the test-of-cure visit,some portion of therapy outside of the hospital (CoPAT),full course of therapy in the hospital setting,binary,89.0,103.0,54.0,97.0,,,,,,False,True,False,True,11722.0,8106.0,5529.0,TEST
16,12636,2667135,deaths,some portion of therapy outside of the hospital (CoPAT),full course of therapy in the hospital setting,binary,4.0,103.0,18.0,97.0,,,,,,False,True,False,True,11722.0,8106.0,5529.0,TEST
17,8237,2681019,Adiponectin in women,Red wine,Control,continuous,,24.0,,24.0,30.0,,-1.0,,Mean and SD in figure. Group sizes not available in results section. Group sizes somewhat unclear,True,False,False,False,726.0,647.0,543.0,FEW-SHOT
18,8238,2681019,Adiponectin in men,Ethanol solution,Control,continuous,,24.0,,24.0,17.0,,4.0,,Mean and SD in figure. Group sizes not available in results section. Group sizes somewhat unclear,True,False,False,False,726.0,647.0,543.0,FEW-SHOT
19,8239,2681019,Adiponectin in men,Beer,Control,continuous,,24.0,,24.0,16.0,,4.0,,Mean and SD in figure. Group sizes not available in results section. Group sizes somewhat unclear,True,False,False,False,726.0,647.0,543.0,FEW-SHOT
20,3246,2972614,Adverse effects,Laser therapy (Group I),Placebo laser therapy (Group II),binary,0.0,30.0,0.0,22.0,,,,,,False,False,False,True,7041.0,2968.0,1931.0,TEST
21,3243,2972614,Severity of pain,Laser therapy (Group I),Placebo laser therapy (Group II),continuous,,30.0,,22.0,3.76,1.45,4.63,2.1,,False,True,False,True,7041.0,2968.0,1931.0,TEST
22,3245,2972614,Shoulder Pain and Disability Index score,Laser therapy (Group I),Placebo laser therapy (Group II),continuous,,30.0,,22.0,48.13,22.1,40.99,20.98,,False,True,False,True,7041.0,2968.0,1931.0,TEST
23,3247,2972614,Laboratory parameters,Laser therapy (Group I),Placebo laser therapy (Group II),continuous,,30.0,,22.0,,,,,Unclear outcome and also no numerical data for this specific outcome,False,False,False,False,7041.0,2968.0,1931.0,TEST
24,3244,2972614,Motion range - Shoulder flexion,Laser therapy (Group I),Placebo laser therapy (Group II),continuous,,30.0,,22.0,168.0,22.65,174.31,14.98,Outcome originally just Motion range.,False,True,False,True,7041.0,2968.0,1931.0,TEST
25,3244,2972614,Motion range - Shoulder extension,Laser therapy (Group I),Placebo laser therapy (Group II),continuous,,30.0,,22.0,42.66,3.4,42.95,3.98,Outcome originally just Motion range.,False,True,False,True,7041.0,2968.0,1931.0,TEST
26,3244,2972614,Motion range - Shoulder abduction,Laser therapy (Group I),Placebo laser therapy (Group II),continuous,,30.0,,22.0,166.66,21.38,172.72,16.67,Outcome originally just Motion range.,False,True,False,True,7041.0,2968.0,1931.0,TEST
27,3244,2972614,Motion range - Shoulder adduction,Laser therapy (Group I),Placebo laser therapy (Group II),continuous,,30.0,,22.0,42.0,4.27,42.04,5.26,Outcome originally just Motion range.,False,True,False,True,7041.0,2968.0,1931.0,TEST
28,3244,2972614,Motion range - Shoulder internal rotation,Laser therapy (Group I),Placebo laser therapy (Group II),continuous,,30.0,,22.0,49.33,9.62,49.77,4.49,Outcome originally just Motion range.,False,True,False,True,7041.0,2968.0,1931.0,TEST
29,3244,2972614,Motion range - Shoulder external rotation,Laser therapy (Group I),Placebo laser therapy (Group II),continuous,,30.0,,22.0,44.83,5.64,44.09,1.97,Outcome originally just Motion range.,False,True,False,True,7041.0,2968.0,1931.0,TEST
30,5576,3003523,Short-Form 36-Items improvement,Certolizumab 200 mg,Control,continuous,,393.0,,199.0,38.1,9.5,31.5,7.4,Used values for PCS after 52 weeks (final timepoint).,False,True,False,True,12247.0,10091.0,7520.0,TEST
31,5577,3003523,Short-Form 36-Items improvement,Certolizumab 400 mg,Control,continuous,,390.0,,199.0,38.9,8.9,31.5,7.4,Used values for PCS after 52 weeks (final timepoint).,False,True,False,True,12247.0,10091.0,7520.0,TEST
32,5580,3003523,Pain,Certolizumab 400 mg,Control,continuous,,390.0,,199.0,53.9,22.2,34.0,20.1,Used values for weeks 52 (final timepoint).,False,True,False,True,12247.0,10091.0,7520.0,TEST
33,5575,3003523,Health-related quality of life improvement - Short-Form 36-Items improvement,Certolizumab 200 mg,Control,continuous,,393.0,,199.0,38.1,9.5,31.5,7.4,This outcome is measured by Short-Form 36-Items (SF-36).,False,False,False,True,12247.0,10091.0,7520.0,TEST
34,5578,3003523,Mental Component Summary improvement,Certolizumab 400 mg,Control,continuous,,390.0,,199.0,45.4,11.5,41.1,10.8,Used values for MCS after 52 weeks (final timepoint).,False,True,False,True,12247.0,10091.0,7520.0,TEST
35,5579,3003523,Fatigue Assessment Scale improvement,Certolizumab 200 mg,Control,continuous,,393.0,,199.0,,,,,Values are in figure.,True,False,False,False,12247.0,10091.0,7520.0,TEST
36,6988,3169777,adverse event profile - headache,macitentan dose of 600 mg,placebo,binary,5.0,6.0,3.0,14.0,,,,,"Original outcome was ""adverse events profile"". Added ""headeache"" since that is the first adverse events reported.",False,True,False,True,5143.0,4376.0,3326.0,TEST
37,6985,3169777,unexpected adverse events,macitentan doses of 0.2 mg,placebo,binary,0.0,6.0,0.0,14.0,,,,,One sentence that said no unexpected adverse events were found so values are all 0 based on this.,False,False,False,True,5143.0,4376.0,3326.0,TEST
38,6985,3169777,unexpected adverse events,macitentan doses of 1 mg,placebo,binary,0.0,6.0,0.0,14.0,,,,,One sentence that said no unexpected adverse events were found so values are all 0 based on this.,False,False,False,True,5143.0,4376.0,3326.0,TEST
39,6985,3169777,unexpected adverse events,macitentan doses of 5 mg,placebo,binary,0.0,6.0,0.0,14.0,,,,,One sentence that said no unexpected adverse events were found so values are all 0 based on this.,False,False,False,True,5143.0,4376.0,3326.0,TEST
40,6985,3169777,unexpected adverse events,macitentan doses of 25 mg,placebo,binary,0.0,6.0,0.0,14.0,,,,,One sentence that said no unexpected adverse events were found so values are all 0 based on this.,False,False,False,True,5143.0,4376.0,3326.0,TEST
41,6985,3169777,unexpected adverse events,macitentan doses of 100 mg,placebo,binary,0.0,6.0,0.0,14.0,,,,,One sentence that said no unexpected adverse events were found so values are all 0 based on this.,False,False,False,True,5143.0,4376.0,3326.0,TEST
42,6985,3169777,unexpected adverse events,macitentan doses of 300 mg,placebo,binary,0.0,6.0,0.0,14.0,,,,,One sentence that said no unexpected adverse events were found so values are all 0 based on this.,False,False,False,True,5143.0,4376.0,3326.0,TEST
43,6985,3169777,unexpected adverse events,macitentan doses of 600 mg,placebo,binary,0.0,6.0,0.0,14.0,,,,,One sentence that said no unexpected adverse events were found so values are all 0 based on this.,False,False,False,True,5143.0,4376.0,3326.0,TEST
44,6986,3169777,Plasma endothelin-1 concentrations,macitentan dose of 600 mg,placebo,continuous,,6.0,,14.0,149.0,51.0,60.0,12.0,The mean and SD are in bar chart (figure). Eyeballed from figure,True,False,False,True,5143.0,4376.0,3326.0,TEST
45,6989,3169777,adverse event profile - headache,macitentan doses of 0.2 mg,placebo,binary,0.0,6.0,3.0,14.0,,,,,"Original outcome was ""adverse events profile"". Added ""headeache"" since that is the first adverse events reported.",False,True,False,True,5143.0,4376.0,3326.0,TEST
46,6989,3169777,adverse event profile - headache,macitentan doses of 1 mg,placebo,binary,0.0,6.0,3.0,14.0,,,,,"Original outcome was ""adverse events profile"". Added ""headeache"" since that is the first adverse events reported.",False,True,False,True,5143.0,4376.0,3326.0,TEST
47,6989,3169777,adverse event profile - headache,macitentan doses of 5 mg,placebo,binary,0.0,6.0,3.0,14.0,,,,,"Original outcome was ""adverse events profile"". Added ""headeache"" since that is the first adverse events reported.",False,True,False,True,5143.0,4376.0,3326.0,TEST
48,6989,3169777,adverse event profile - headache,macitentan doses of 25 mg,placebo,binary,2.0,6.0,3.0,14.0,,,,,"Original outcome was ""adverse events profile"". Added ""headeache"" since that is the first adverse events reported.",False,True,False,True,5143.0,4376.0,3326.0,TEST
49,6989,3169777,adverse event profile - headache,macitentan doses of 100 mg,placebo,binary,1.0,6.0,3.0,14.0,,,,,"Original outcome was ""adverse events profile"". Added ""headeache"" since that is the first adverse events reported.",False,True,False,True,5143.0,4376.0,3326.0,TEST
50,6989,3169777,adverse event profile - headache,macitentan doses of 300 mg,placebo,binary,2.0,6.0,3.0,14.0,,,,,"Original outcome was ""adverse events profile"". Added ""headeache"" since that is the first adverse events reported.",False,True,False,True,5143.0,4376.0,3326.0,TEST
51,5308,3195393,Continuous restraint,After restraint reduction program,Before restraint reduction program,continuous,,562.0,,463.0,8.5,0.07,10.8,0.13,Overall continuous restraint rate for study site.,False,True,False,True,15527.0,8380.0,5589.0,TEST
52,5306,3195393,Restraint frecuency,After restraint reduction program,Before restraint reduction program,continuous,,562.0,,463.0,13.6,0.07,11.5,0.13,Added intermittent and continuous numbers from study site,False,True,False,True,15527.0,8380.0,5589.0,TEST
53,5307,3195393,Intermittent restraint,After restraint reduction program,Before restraint reduction program,continuous,,562.0,,463.0,5.1,0.07,0.7,0.02,Overall intermittent restraint rate for study site.,False,True,False,True,15527.0,8380.0,5589.0,TEST
54,5309,3195393,Restraint knowledge,After restraint reduction program,Before restraint reduction program,continuous,,562.0,,463.0,6.23,,5.51,,No SD information provided,False,False,False,False,15527.0,8380.0,5589.0,TEST
55,10673,3276927,relieving factors in reversible inguinal hernia,post-Yoga,pre-Yoga,continuous,,19.0,,19.0,,,,,Data found in table in graphic format. Only medians and IQR reported,False,True,True,False,2011.0,1731.0,1429.0,DEV
56,10676,3276927,effective in the treatment of reversible inguinal hernia,post-Yoga,pre-Yoga,binary,,19.0,,19.0,,,,,"No real numerical data attached to this specific outcome. Other prompts account for ""treatment""",False,False,True,False,2011.0,1731.0,1429.0,DEV
57,10672,3276927,frequency of occurrence in reversible inguinal hernia,post-Yoga,pre-Yoga,continuous,,19.0,,19.0,,,,,Only median and range is given.,False,True,True,False,2011.0,1731.0,1429.0,DEV
58,10671,3276927,"symptoms of hernia such as heaviness, fullness and pain",post-Yoga,pre-Yoga,continuous,,19.0,,19.0,,,,,No specific numerical data associated with these symptoms.,False,False,True,False,2011.0,1731.0,1429.0,DEV
59,10674,3276927,pain in reversible inguinal hernia,post-Yoga,pre-Yoga,continuous,,19.0,,19.0,,,,,Only median and range is given.,False,True,True,False,2011.0,1731.0,1429.0,DEV
60,10675,3276927,aggravating factors in reversible inguinal hernia,post-Yoga,pre-Yoga,continuous,,19.0,,19.0,,,,,Only median and range is given.,False,True,True,False,2011.0,1731.0,1429.0,DEV
61,1642,3309311,differences in the disc herniation,"adults with acute axial severe LBP who could not sit up or stand up for several days, but had not experienced previous back-related diseases or trauma (group A)","adults who had been involved in a minor traffic accident, and had mild symptoms but not limited mobility (group B)",binary,20.0,23.0,6.0,19.0,,,,,Used percentage to calculate events as binary outcome.,False,True,True,True,1437.0,1263.0,1073.0,TEST
62,1642,3309311,differences in the LDD,"adults with acute axial severe LBP who could not sit up or stand up for several days, but had not experienced previous back-related diseases or trauma (group A)","adults who had been involved in a minor traffic accident, and had mild symptoms but not limited mobility (group B)",binary,23.0,23.0,9.0,19.0,,,,,Used percentage to calculate events as binary outcome. Outcome original HDD but changed to LDD to fix typo,False,True,True,True,1437.0,1263.0,1073.0,TEST
63,1642,3309311,differences in the annulus tear,"adults with acute axial severe LBP who could not sit up or stand up for several days, but had not experienced previous back-related diseases or trauma (group A)","adults who had been involved in a minor traffic accident, and had mild symptoms but not limited mobility (group B)",binary,23.0,23.0,5.0,19.0,,,,,Used percentage to calculate events as binary outcome.,False,True,True,True,1437.0,1263.0,1073.0,TEST
64,1642,3309311,differences in the HIZ,"adults with acute axial severe LBP who could not sit up or stand up for several days, but had not experienced previous back-related diseases or trauma (group A)","adults who had been involved in a minor traffic accident, and had mild symptoms but not limited mobility (group B)",binary,14.0,23.0,4.0,19.0,,,,,Used percentage to calculate events as binary outcome.,False,True,True,True,1437.0,1263.0,1073.0,TEST
65,1644,3309311,The proportion of HIZ incidence,"adults with acute axial severe LBP who could not sit up or stand up for several days, but had not experienced previous back-related diseases or trauma (group A)",adults with LBP with radicular pain (group C),binary,14.0,23.0,3.0,18.0,,,,,Used percentage to calculate events as binary outcome.,False,False,True,True,1437.0,1263.0,1073.0,TEST
66,1643,3309311,The proportion of HIZ incidence,"adults with acute axial severe LBP who could not sit up or stand up for several days, but had not experienced previous back-related diseases or trauma (group A)","adults who had been involved in a minor traffic accident, and had mild symptoms but not limited mobility (group B)",binary,14.0,23.0,4.0,19.0,,,,,Used percentage to calculate events as binary outcome.,False,False,True,True,1437.0,1263.0,1073.0,TEST
67,3041,3321528,wrist flexion,electrical muscle stimulation (EMS),control,continuous,,24.0,,28.0,,,,,Only median and interquartile range is given.,False,True,False,False,6725.0,3999.0,2880.0,TEST
68,3041,3321528,hip flexion,electrical muscle stimulation (EMS),control,continuous,,24.0,,28.0,,,,,Only median and interquartile range is given.,False,True,False,False,6725.0,3999.0,2880.0,TEST
69,3041,3321528,knee extension,electrical muscle stimulation (EMS),control,continuous,,24.0,,28.0,,,,,Only median and interquartile range is given.,False,True,False,False,6725.0,3999.0,2880.0,TEST
70,3041,3321528,ankle dorsiflexion,electrical muscle stimulation (EMS),control,continuous,,24.0,,28.0,,,,,Only median and interquartile range is given.,False,True,False,False,6725.0,3999.0,2880.0,TEST
71,3043,3321528,handgrip strength,Intensive Care Unit acquired weakness (ICU-AW),without an ICU-AW diagnosis,continuous,,,,,6.6,4.4,23.4,8.9,Does not have group size information in article.,False,False,False,False,6725.0,3999.0,2880.0,TEST
72,3042,3321528,the total MRC score of the legs,electrical muscle stimulation (EMS),control,continuous,,24.0,,28.0,,,,,Only median and interquartile range is given.,False,False,False,False,6725.0,3999.0,2880.0,TEST
73,3741,3546023,Urine cotinine levels,200 mg/day palmvitee smokers,200 mg/day palmvitee nonsmokers,continuous,,20.0,,19.0,1.179,0.738,0.047,0.017,Values are for week 24 (only timepoint after intervention).,False,True,False,True,29733.0,18035.0,11524.0,TEST
74,3742,3546023,serum α1-antitrypsin,200 mg/day palmvitee smokers,200 mg/day palmvitee nonsmokers,continuous,,30.0,,19.0,1.75,0.39,1.45,0.24,Values are for week 24 (only timepoint after intervention).,False,True,False,True,29733.0,18035.0,11524.0,TEST
75,3743,3546023,The percentage of B cells,200 mg/day palmvitee nonsmokers,baseline,continuous,,29.0,,29.0,11.97,4.0,13.72,4.53,Values are between baseline and week 24 (final timepoint).,False,True,False,True,29733.0,18035.0,11524.0,TEST
76,3744,3546023,The percentage of B cells,200 mg/day palmvitee smokers,baseline,continuous,,30.0,,30.0,14.06,3.81,14.4,4.03,Values are between baseline and week 24 (final timepoint).,False,True,False,True,29733.0,18035.0,11524.0,TEST
77,3746,3546023,The percentage of NK cells,200 mg/day palmvitee smokers,200 mg/day palmvitee nonsmokers,continuous,,30.0,,29.0,19.03,7.82,24.72,8.78,Values are between baseline and week 24 (final timepoint).,False,True,False,True,29733.0,18035.0,11524.0,TEST
78,3740,3546023,tocopherol levels,200 mg/day palmvitee smokers,baseline,continuous,,30.0,,30.0,14.11,3.89,11.39,3.06,Values are between baseline and week 24 (final timepoint).,False,True,False,True,29733.0,18035.0,11524.0,TEST
79,3740,3546023,tocotrienol levels,200 mg/day palmvitee smokers,baseline,continuous,,30.0,,30.0,587.68,87.5,59.49,4.21,Values are between baseline and week 24 (final timepoint).,False,True,False,True,29733.0,18035.0,11524.0,TEST
80,3740,3546023,tocopherol levels,200 mg/day palmvitee nonsmokers,baseline,continuous,,29.0,,29.0,14.56,3.06,11.75,2.27,Values are between baseline and week 24 (final timepoint).,False,True,False,True,29733.0,18035.0,11524.0,TEST
81,3740,3546023,tocotrienol levels,200 mg/day palmvitee nonsmokers,baseline,continuous,,29.0,,29.0,675.16,150.0,63.6,5.67,Values are between baseline and week 24 (final timepoint).,False,True,False,True,29733.0,18035.0,11524.0,TEST
82,3745,3546023,CD4+/CD8+ ratio,200 mg/day palmvitee smokers,200 mg/day palmvitee nonsmokers,continuous,,30.0,,29.0,1.19,0.43,1.03,0.53,Values are for week 24 (final timepoint).,False,True,False,True,29733.0,18035.0,11524.0,TEST
83,11789,3580751,mean ± SD length of hospital stay between periods 1 and 2 in patients who did not suffer from VAP,Interrupted surveillance unit A,"Continuous surveillance, unit B",continuous,,940.0,,1831.0,9.9,14.8,9.1,9.9,Values are from post-intervention.,False,False,False,True,5335.0,4760.0,3573.0,DEV
84,13566,3687098,adverse event of constipation,sitagliptin 100 mg/day,comparator agent,binary,178.0,7726.0,124.0,6885.0,,,,,Used incidence rate per 100 to get the binary events.,False,True,False,True,15196.0,10904.0,8432.0,TEST
85,13567,3687098,The incidence rates of malignancy,sitagliptin 100 mg/day,comparator agent,binary,6953.0,7726.0,6403.0,6885.0,,,,,Used incidence rate per 100 to get the binary events.,False,False,False,True,15196.0,10904.0,8432.0,TEST
86,13568,3687098,The incidence rates of pancreatitis,sitagliptin 100 mg/day,comparator agent,binary,773.0,7726.0,689.0,6885.0,,,,,Used incidence rate per 100 to get the binary events.,False,True,False,True,15196.0,10904.0,8432.0,TEST
87,13569,3687098,The incidence of the composite endpoint of rash,sitagliptin 100 mg/day,comparator agent,binary,131.0,7726.0,76.0,6885.0,,,,,Used incidence rate per 100 to get the binary events.,False,True,False,True,15196.0,10904.0,8432.0,TEST
88,13244,3751573,improvement in nursing,phase I externship program,phase II corporate-academic cooperation program,continuous,,19.0,,23.0,117.63,19.01,158.52,23.19,Used post-intervention values.,False,True,False,True,8149.0,5521.0,3635.0,DEV
89,5538,3912320,Correct response rate for 500 Hz frequency,Occupational noise,Control,continuous,,19.0,,10.0,31.9,,55.9,,In text only change from controll given for intervention. Able to infer mean for intervention,True,False,False,False,1648.0,1217.0,1015.0,TEST
90,5540,3912320,"Correct response rate for 4,000 Hz frequency",Occupational noise,Control,continuous,,19.0,,10.0,28.07,,53.07,,In text only change from controll given for intervention. Able to infer mean for intervention,True,False,False,False,1648.0,1217.0,1015.0,TEST
91,5539,3912320,"Correct response rate for 2,000 Hz frequency",Occupational noise,Control,continuous,,19.0,,10.0,30.4,,51.4,,In text only change from controll given for intervention. Able to infer mean for intervention,True,False,False,False,1648.0,1217.0,1015.0,TEST
92,10164,4173437,Postoperatively hematocrit,Tranexamic acid,Control,continuous,,30.0,,30.0,29.36,1.8,30.14,2.2,Had to infer that the group sizes were equal. Data is in table in graphic format. Post op means and sd used,False,True,True,True,854.0,745.0,637.0,TEST
93,10166,4173437,Complications,Tranexamic acid,Control,binary,0.0,30.0,0.0,30.0,,,,,Had to infer that the group sizes were equal.,False,False,True,True,854.0,745.0,637.0,TEST
94,10167,4173437,Adverse effects,Tranexamic acid,Control,binary,0.0,30.0,0.0,30.0,,,,,Had to infer that the group sizes were equal.,False,False,True,True,854.0,745.0,637.0,TEST
95,10163,4173437,Total blood loss,Tranexamic acid,Control,continuous,,30.0,,30.0,576.0,53.0,823.0,74.0,Had to infer that the group sizes were equal.,False,False,True,True,854.0,745.0,637.0,TEST
96,10165,4173437,Coagulation profile,Tranexamic acid,Control,continuous,,30.0,,30.0,,,,,Had to infer that the group sizes were equal. Data is in table in graphic format. Not one outcome measured.,False,True,True,False,854.0,745.0,637.0,TEST
97,10168,4173437,Crystalloid solution needed,Tranexamic acid,Control,continuous,,30.0,,30.0,,,,,Had to infer that the group sizes were equal. No numerical values associated with this outcome.,False,False,True,False,854.0,745.0,637.0,TEST
98,931,4183415,completion of each dose at the correct time,receive text message reminders about what advice to provide when dispensing artemether-lumefantrine (AL).,no text message,continuous,,40.0,,37.0,33.1,21.6,32.6,18.4,Data found in Table 6.,False,True,False,True,10420.0,7106.0,5310.0,TEST
99,929,4183415,patient adherence,receive text message reminders about what advice to provide when dispensing artemether-lumefantrine (AL).,no text message,continuous,,40.0,,37.0,68.3,23.4,69.8,20.9,"Data found in Table 6. Used same values as ""completed treatment""",False,True,False,True,10420.0,7106.0,5310.0,TEST
100,930,4183415,Completed treatment,receive text message reminders about what advice to provide when dispensing artemether-lumefantrine (AL).,no text message,continuous,,40.0,,37.0,68.3,23.4,69.8,20.9,Data found in Table 6.,False,True,False,True,10420.0,7106.0,5310.0,TEST
101,1886,4188762,heart rate,remifentanil,normal saline,continuous,,30.0,,30.0,,,,,"Data in figure, messed up legend",True,False,True,False,2068.0,1758.0,1564.0,TEST
102,1886,4188762,heart rate,remifentanil,lidocaine,continuous,,30.0,,30.0,,,,,"Data in figure, messed up legend",True,False,True,False,2068.0,1758.0,1564.0,TEST
103,1886,4188762,heart rate,remifentanil,ketamine,continuous,,30.0,,30.0,,,,,"Data in figure, messed up legend",True,False,True,False,2068.0,1758.0,1564.0,TEST
104,1885,4188762,mean blood pressure,remifentanil,normal saline,continuous,,30.0,,30.0,77.0,,96.0,,Data in figure,True,False,True,False,2068.0,1758.0,1564.0,TEST
105,1885,4188762,mean blood pressure,remifentanil,lidocaine,continuous,,30.0,,30.0,77.0,,92.0,,Data in figure,True,False,True,False,2068.0,1758.0,1564.0,TEST
106,1885,4188762,mean blood pressure,remifentanil,"normal saline, lidocaine, or ketamine",continuous,,30.0,,30.0,77.0,,,,Unclear compararator,True,False,True,False,2068.0,1758.0,1564.0,TEST
107,1884,4188762,withdrawal response of rocuronium,lidocaine,normal saline,binary,6.0,30.0,26.0,30.0,,,,,Used percentage to calculate events as binary outcome.,False,False,True,True,2068.0,1758.0,1564.0,TEST
108,1884,4188762,withdrawal response of rocuronium,ketamine,normal saline,binary,9.0,30.0,26.0,30.0,,,,,Used percentage to calculate events as binary outcome.,False,False,True,True,2068.0,1758.0,1564.0,TEST
109,1884,4188762,withdrawal response of rocuronium,remifentanil,normal saline,binary,0.0,30.0,26.0,30.0,,,,,Used percentage to calculate events as binary outcome.,False,False,True,True,2068.0,1758.0,1564.0,TEST
110,9521,4319071,High-energy snack intake,Individual cognition and self-regulation processes intervention,Control,continuous,,456.0,,434.0,2.5,2.79,2.84,2.71,Values are from 4-month follow up (final timepoint). Back calculated the SD values from SE.,False,True,False,True,26475.0,16822.0,9628.0,TEST
111,9522,4319071,High-energy snack intake,Intervention + targeting environmental-level factors,Control,continuous,,459.0,,434.0,2.5,2.76,2.84,2.71,Values are from 4-month follow up (final timepoint). Back calculated the SD values from SE.,False,True,False,True,26475.0,16822.0,9628.0,TEST
112,9525,4319071,Vegetable intake,Intervention + targeting environmental-level factors,Control,continuous,,459.0,,434.0,167.61,83.71,158.67,78.33,Values are from 4-month follow up (final timepoint). Back calculated the SD values from SE.,False,True,False,True,26475.0,16822.0,9628.0,TEST
113,9526,4319071,Vegetable intake,Intervention + targeting environmental-level factors,Individual cognition and self-regulation processes intervention,continuous,,459.0,,459.0,167.61,83.71,173.28,81.63,Values are from 4-month follow up (final timepoint). Back calculated the SD values from SE.,False,True,False,True,26475.0,16822.0,9628.0,TEST
114,9523,4319071,Fruit intake,Intervention + targeting environmental-level factors,Control,continuous,,459.0,,434.0,2.17,1.71,2.0,1.67,Values are from 4-month follow up (final timepoint). Back calculated the SD values from SE.,False,True,False,True,26475.0,16822.0,9628.0,TEST
115,9524,4319071,Fruit intake,Intervention + targeting environmental-level factors,Individual cognition and self-regulation processes intervention,continuous,,459.0,,459.0,2.17,1.71,2.14,1.71,Values are from 4-month follow up (final timepoint). Back calculated the SD values from SE.,False,True,False,True,26475.0,16822.0,9628.0,TEST
116,2982,4323894,Improvement in Glasgow outcome score at 6 months post-trauma,Deep-cooling,Mild-cooling,continuous,,9.0,,10.0,63.2,,70.0,,Could also be interpreted as a binary outcome . It is a rate so no SD,False,True,True,False,3049.0,2670.0,2328.0,TEST
117,2983,4323894,Improvement in Glasgow outcome score at 6 months post-trauma,Deep-cooling,No cooling,continuous,,9.0,,13.0,63.2,,15.4,,Could also be interpreted as a binary outcome . It is a rate so no SD,False,True,True,False,3049.0,2670.0,2328.0,TEST
118,2984,4323894,Rate of complications,Mild-cooling or deep-cooling,No cooling,binary,10.0,19.0,6.0,13.0,,,,,Fixed correct groupsize for intervention,False,True,True,True,3049.0,2670.0,2328.0,TEST
119,2981,4323894,Improvement in Glasgow outcome score at 6 months post-trauma,Mild-cooling,No cooling,continuous,,10.0,,13.0,70.0,,15.4,,,False,True,True,False,3049.0,2670.0,2328.0,TEST
120,3102,4450164,ureteropelvic junction obstruction,internal drainage group,stentless cases,binary,8.0,20.0,13.0,44.0,,,,,,False,True,False,True,3862.0,2242.0,1567.0,DEV
121,7938,4486927,"The SVR rates if the patients had IL-28B rs8099917 TT genotype, and GT/GG genotype",peginterferon (Peg-IFN) plus ribavirin (RBV) for 48 weeks,peginterferon (Peg-IFN) plus ribavirin (RBV) for 24 weeks,binary,17.0,23.0,2.0,24.0,,,,,"Even though the outcome says rate, the way that the results are reported in the table makes it easier to calculate as binary outcome.",False,True,False,True,14472.0,7883.0,5770.0,TEST
122,7936,4486927,The early virologic response (EVR),peginterferon (Peg-IFN) plus ribavirin (RBV) for 48 weeks,peginterferon (Peg-IFN) plus ribavirin (RBV) for 24 weeks,binary,86.0,94.0,82.0,93.0,,,,,,False,True,False,True,14472.0,7883.0,5770.0,TEST
123,7936,4486927,the end-of-treatment virologic response,peginterferon (Peg-IFN) plus ribavirin (RBV) for 48 weeks,peginterferon (Peg-IFN) plus ribavirin (RBV) for 24 weeks,binary,83.0,94.0,75.0,93.0,,,,,,False,True,False,True,14472.0,7883.0,5770.0,TEST
124,7937,4486927,The SVR rates when the patients had BMI >30 kg/m2,peginterferon (Peg-IFN) plus ribavirin (RBV) for 48 weeks,peginterferon (Peg-IFN) plus ribavirin (RBV) for 24 weeks,binary,10.0,19.0,6.0,12.0,,,,,"Even though the outcome says rate, the way that the results are reported in the table makes it easier to calculate as binary outcome.",False,True,False,True,14472.0,7883.0,5770.0,TEST
125,4926,4493951,The sedation score recorded in the postanesthesia care unit (PACU) over the 2-h observation period,and H2 (haloperidol 2 mg),H0 (saline),continuous,,50.0,,50.0,4.2,,3.0,,Data is in figure. No SD,True,False,False,False,3932.0,3205.0,2434.0,TEST
126,4926,4493951,The sedation score recorded in the postanesthesia care unit (PACU) over the 2-h observation period,and H2 (haloperidol 2 mg),H1(haloperidol 1 mg),continuous,,50.0,,49.0,4.2,,3.2,,Data is in figure. No SD,True,False,False,False,3932.0,3205.0,2434.0,TEST
127,4924,4493951,the incidence of postoperative nausea and vomiting (PONV),H1(haloperidol 1 mg),H0 (saline),binary,11.0,49.0,21.0,50.0,,,,,Used numbers from Late time (2–24 h),False,True,False,True,3932.0,3205.0,2434.0,TEST
128,4924,4493951,the incidence of postoperative nausea and vomiting (PONV),H2 (haloperidol 2 mg),H0 (saline),binary,10.0,50.0,21.0,50.0,,,,,Used numbers from Late time (2–24 h),False,True,False,True,3932.0,3205.0,2434.0,TEST
129,4927,4493951,The sedation score recorded in the postanesthesia care unit (PACU) over the 2-h observation period,H0 (saline),"H1(haloperidol 1 mg),",continuous,,50.0,,49.0,3.0,,3.2,,Data is in figure. No SD,True,False,False,False,3932.0,3205.0,2434.0,TEST
130,4925,4493951,the incidence of postoperative nausea and vomiting (PONV),H1(haloperidol 1 mg),H2 (haloperidol 2 mg),binary,11.0,49.0,10.0,50.0,,,,,Used numbers from Late time (2–24 h),False,True,False,True,3932.0,3205.0,2434.0,TEST
131,2451,4574984,numbers overall complications,"intervention group, i.e. patient empowerment through information booklet and diary keeping","control group, which received standard care",binary,238.0,326.0,241.0,326.0,,,,,,False,True,False,True,12997.0,7944.0,5795.0,TEST
132,2452,4574984,level of postoperative pain,"intervention group, i.e. patient empowerment through information booklet and diary keeping","control group, which received standard care",binary,234.0,326.0,261.0,326.0,,,,,,False,True,False,True,12997.0,7944.0,5795.0,TEST
133,2453,4574984,overall mortality,"intervention group, i.e. patient empowerment through information booklet and diary keeping","control group, which received standard care",binary,45.0,326.0,58.0,326.0,,,,,Used numbers from 1 year after surgery (final timepoint) to get the full scope since the outcome is OVERALL mortality. This info is found in Figure 6 caption.,False,False,False,True,12997.0,7944.0,5795.0,TEST
134,2449,4574984,Health-Related Quality of Life at 12 month - females,"intervention group, i.e. patient empowerment through information booklet and diary keeping - females","control group, which received standard care - females",continuous,,110.0,,95.0,61.07,30.21,63.27,24.79,Group sizes was inferred using Table of characterisitics. Back calculated SD using CI.,False,False,False,True,12997.0,7944.0,5795.0,TEST
135,2450,4574984,Health-Related Quality of Life at 12 month - males,"intervention group, i.e. patient empowerment through information booklet and diary keeping - males","control group, which received standard care - males",continuous,,216.0,,231.0,72.49,23.66,71.71,27.1,Group sizes was inferred using Table of characterisitics. Back calculated SD using CI.,False,False,False,True,12997.0,7944.0,5795.0,TEST
136,2448,4574984,postoperative in-hospital stay,"intervention group, i.e. patient empowerment through information booklet and diary keeping","control group, which received standard care",continuous,,326.0,,326.0,,,,,Only median and interquartile range is given.,False,False,False,False,12997.0,7944.0,5795.0,TEST
137,1267,4709985,would have liked more information on acupuncture,tertiary education,other educations,binary,,121.0,,89.0,,,,,Specific numbers were not given.,False,False,False,False,3939.0,3288.0,2363.0,TEST
138,3101,4830045,Birth status,Patients in the 3h group,Patients in the 20h group,binary,32.0,74.0,22.0,60.0,,,,,Used numbers for live birth rate.,False,True,False,True,2530.0,2096.0,1505.0,TEST
139,3100,4830045,Embryo quality,Patients in the 3h group,Patients in the 20h group,binary,,74.0,,60.0,,,,,Unclear outcome measures.,False,False,False,False,2530.0,2096.0,1505.0,TEST
140,1275,4880652,SpO2 at 5 minutes,fentanyl (1 µg/kg) and propofol,paracetamol (20 mg/kg) and propofol,continuous,,76.0,,70.0,97.8,,99.0,,Mean in figure 5's graphics.,True,False,True,False,1406.0,1149.0,966.0,TEST
141,1272,4880652,the modified Aldrete scores at 60 minutes,fentanyl (1 µg/kg) and propofol,paracetamol (20 mg/kg) and propofol,continuous,,76.0,,70.0,10.0,0.0,10.0,0.0,Mean and SD are in table that is in graphic form.,False,True,True,True,1406.0,1149.0,966.0,TEST
142,1272,4880652,systolic pressures at 0 minutes,fentanyl (1 µg/kg) and propofol,paracetamol (20 mg/kg) and propofol,continuous,,76.0,,70.0,128.0,,126.0,,Mean in figure 3's graphics.,True,False,True,False,1406.0,1149.0,966.0,TEST
143,1272,4880652,oxygen saturation at 20 minutes,fentanyl (1 µg/kg) and propofol,paracetamol (20 mg/kg) and propofol,continuous,,76.0,,70.0,98.6,,98.8,,Means in figure 5's graphics.,True,False,True,False,1406.0,1149.0,966.0,TEST
144,1272,4880652,diastolic blood pressure at 10 minutes,fentanyl (1 µg/kg) and propofol,paracetamol (20 mg/kg) and propofol,continuous,,76.0,,70.0,67.0,,69.9,,Means in figure 4's graphics.,True,False,True,False,1406.0,1149.0,966.0,TEST
145,1272,4880652,heart rate at 0 minutes,fentanyl (1 µg/kg) and propofol,paracetamol (20 mg/kg) and propofol,continuous,,76.0,,70.0,93.0,,89.8,,Means in figure 2's graphics.,True,False,True,False,1406.0,1149.0,966.0,TEST
146,1272,4880652,visual analogue scores,fentanyl (1 µg/kg) and propofol,paracetamol (20 mg/kg) and propofol,continuous,,76.0,,70.0,3.65,1.92,3.44,1.61,Mean and SD are in table that is in graphic form.,False,True,True,True,1406.0,1149.0,966.0,TEST
147,1273,4880652,systolic blood pressures at 20 minutes,fentanyl (1 µg/kg) and propofol,paracetamol (20 mg/kg) and propofol,continuous,,76.0,,70.0,118.0,,121.0,,Means in figure 3's graphics.,True,False,True,False,1406.0,1149.0,966.0,TEST
148,1274,4880652,Diastolic blood pressures at 5 minutes,fentanyl (1 µg/kg) and propofol,paracetamol (20 mg/kg) and propofol,continuous,,76.0,,70.0,64.5,,69.0,,Mean in figure 4's graphics.,True,False,True,False,1406.0,1149.0,966.0,TEST
149,11146,4996097,"""a"" vowel improvement",Septoplasty,Control,continuous,,33.0,,30.0,138.0,,154.0,,Used F0 (Hz) values. SD is not given.,False,True,False,False,9291.0,4535.0,2976.0,TEST
150,11145,4996097,Total nasal resistance,Septoplasty,Control,continuous,,33.0,,30.0,0.25,,0.27,,Used preoperative values. SD is not given.,False,True,False,False,9291.0,4535.0,2976.0,TEST
151,11147,4996097,"""n"" consonant improvement",Septoplasty,Control,continuous,,33.0,,30.0,11897.0,,13229.0,,Used F0 (Hz) values. SD is not given.,False,True,False,False,9291.0,4535.0,2976.0,TEST
152,13479,5055753,The percentages of patients in the calm,0.2 mg oral clonidine,2 mg oral midazolam,binary,14.0,40.0,7.0,40.0,,,,,"Even though the outcome says percentage, the way that the results are reported in the table makes it easier to calculate as binary outcome. This is also the during surgery measurement, there is another timepoint.",False,False,False,True,3292.0,2470.0,2114.0,TEST
153,13479,5055753,The percentages of patients in the sedated scale,0.2 mg oral clonidine,2 mg oral midazolam,binary,17.0,40.0,7.0,40.0,,,,,"Even though the outcome says percentage, the way that the results are reported in the table makes it easier to calculate as binary outcome. This is also the during surgery measurement, there is another timepoint.",False,False,False,True,3292.0,2470.0,2114.0,TEST
154,13480,5055753,the percentages of patients in the agitated sedation scale,0.2 mg oral clonidine,2 mg oral midazolam,binary,,40.0,,40.0,,,,,,True,False,False,False,3292.0,2470.0,2114.0,TEST
155,13480,5055753,the percentages of patients in the heavily sedated,0.2 mg oral clonidine,2 mg oral midazolam,binary,,40.0,,40.0,,,,,,True,False,False,False,3292.0,2470.0,2114.0,TEST
156,13481,5055753,The mean ¬± SD of intraoperatively administered fentany,0.2 mg oral clonidine,2 mg oral midazolam,continuous,,40.0,,40.0,105.0,30.8,165.0,34.5,,False,False,False,True,3292.0,2470.0,2114.0,TEST
157,13482,5055753,Mean ± SD of heart rate at 60 min,0.2 mg oral clonidine,2 mg oral midazolam,continuous,,40.0,,40.0,75.0,,87.0,,Info in figure graphics. No SD,True,False,False,False,3292.0,2470.0,2114.0,TEST
158,7710,5056957,Weight reduction at 12 months,Multi-component physical activity,Usual PE and sport programmes,continuous,,592.0,,459.0,55.91,15.64,56.48,14.76,Back calculated the SD values from CI,False,True,False,True,11185.0,6045.0,4394.0,TEST
159,7710,5056957,BMI reduction at 12 months,Multi-component physical activity,Usual PE and sport programmes,continuous,,592.0,,459.0,21.07,6.39,21.27,5.9,Back calculated the SD values from CI,False,True,False,True,11185.0,6045.0,4394.0,TEST
160,7711,5056957,BMI z-score at 12months,Multi-component physical activity,Usual PE and sport programmes,continuous,,592.0,,459.0,0.61,1.8,0.66,1.69,Back calculated the SD values from CI,False,True,False,True,11185.0,6045.0,4394.0,TEST
161,7712,5056957,Weight reduction at 24 months,Multi-component physical activity,Usual PE and sport programmes,continuous,,560.0,,425.0,61.08,15.15,61.94,14.25,Back calculated the SD values from CI,False,True,False,True,11185.0,6045.0,4394.0,TEST
162,7712,5056957,BMI reduction at 24 months,Multi-component physical activity,Usual PE and sport programmes,continuous,,560.0,,425.0,21.86,6.22,22.06,5.68,Back calculated the SD values from CI,False,True,False,True,11185.0,6045.0,4394.0,TEST
163,7713,5056957,BMI z-score at 24 months,Multi-component physical activity,Usual PE and sport programmes,continuous,,560.0,,425.0,0.69,1.81,0.71,1.63,Back calculated the SD values from CI,False,True,False,True,11185.0,6045.0,4394.0,TEST
164,617,5062234,The visual analog scale scores at rest timepoint 24 h,Transversus abdominis plane block with 0.375% ropivacaine,local anesthetic infiltration of the port site.,continuous,,21.0,,21.0,,,,,Data found in table in graphic format. Only medians reported,False,True,True,False,1345.0,1148.0,971.0,TEST
165,617,5062234,The visual analog scale score on coughing timepoint 24. h,Transversus abdominis plane block with 0.375% ropivacaine,local anesthetic infiltration of the port site.,continuous,,21.0,,21.0,,,,,Data found in table in graphic format. Only medians reported,False,True,True,False,1345.0,1148.0,971.0,TEST
166,615,5062234,The 24 h morphine requirement,Transversus abdominis plane block with 0.375% ropivacaine,local anesthetic infiltration of the port site.,continuous,,21.0,,21.0,34.57,14.64,32.76,14.34,,False,False,True,True,1345.0,1148.0,971.0,TEST
167,616,5062234,intraoperative supplemental fentanyl,Transversus abdominis plane block with 0.375% ropivacaine,local anesthetic infiltration of the port site.,binary,8.0,21.0,16.0,21.0,,,,,,False,False,True,True,1345.0,1148.0,971.0,TEST
168,2797,5079604,Disposition index (DI),subjects who remained in remission,patients with hyperglycemia relapse without significant changes in insulin sensitivity (Si),continuous,,28.0,,20.0,1.8,,0.6,,Data is in figure.,True,False,False,False,12690.0,6902.0,4923.0,TEST
169,2797,5079604,incremental area under the curve for insulin (AUCi),subjects who remained in remission,patients with hyperglycemia relapse without significant changes in insulin sensitivity (Si),continuous,,28.0,,20.0,7900.0,,2900.0,,Data is in figure.,True,False,False,False,12690.0,6902.0,4923.0,TEST
170,2792,5079604,hyperglycemia relapse-free survival,"metformin 1,000 mg daily",sitagliptin 100 mg daily,continuous,,17.0,,16.0,65.0,,58.0,,Data is in figure.,True,False,False,False,12690.0,6902.0,4923.0,TEST
171,2795,5079604,Cox proportional hazards of failure-free survival,"metformin 1,000 mg daily",sitagliptin 100 mg daily,continuous,,17.0,,16.0,,,,,Data is in figure. Does not fit format,True,False,False,False,12690.0,6902.0,4923.0,TEST
172,2793,5079604,The restricted mean time to hyperglycemia relapse,"metformin 1,000 mg daily, sitagliptin 100 mg daily",placebo,continuous,,33.0,,15.0,480.0,,305.0,,SD is not given.,False,False,False,False,12690.0,6902.0,4923.0,TEST
173,2790,5079604,Hyperglycemia relapse-free survival,"metformin 1,000 mg daily, sitagliptin 100 mg daily",placebo,continuous,,33.0,,15.0,65.0,,21.0,,Data is in figure.,True,False,False,False,12690.0,6902.0,4923.0,TEST
174,2791,5079604,The 2-year failure rate,"metformin 1,000 mg daily, sitagliptin 100 mg daily",placebo,binary,13.0,33.0,12.0,15.0,,,,,Used percentage to calculate events as binary outcome.,True,True,False,True,12690.0,6902.0,4923.0,TEST
175,2796,5079604,The probability of relapse,"metformin 1,000 mg daily, sitagliptin 100 mg daily",placebo,binary,9.0,33.0,11.0,15.0,,,,,Used percentage to calculate events as binary outcome.,False,False,False,True,12690.0,6902.0,4923.0,TEST
176,10752,5086025,Intuitive eating total score,Intuitive Eating and Acceptance and Commitment Therapy,Control,continuous,,26.0,,26.0,3.45,0.55,2.54,0.58,Actually comparing preintervention and postintervention,False,True,False,True,29049.0,17627.0,13068.0,TEST
177,10753,5086025,Psychological flexibility,Intuitive Eating and Acceptance and Commitment Therapy,Control,continuous,,26.0,,26.0,18.23,8.14,22.46,8.67,Actually psychological inflexibility in the article,False,True,False,True,29049.0,17627.0,13068.0,TEST
178,10754,5086025,General mental health,Intuitive Eating and Acceptance and Commitment Therapy,Control,continuous,,26.0,,26.0,50.24,7.41,45.63,6.31,,False,True,False,True,29049.0,17627.0,13068.0,TEST
179,10755,5086025,Binge eating,Intuitive Eating and Acceptance and Commitment Therapy,Control,binary,7.0,26.0,14.0,26.0,,,,,,False,False,False,True,29049.0,17627.0,13068.0,TEST
180,10756,5086025,BMI,Intuitive Eating and Acceptance and Commitment Therapy,Control,continuous,,26.0,,26.0,32.81,5.31,32.93,4.85,,False,True,False,True,29049.0,17627.0,13068.0,TEST
181,10757,5086025,General physical health,Intuitive Eating and Acceptance and Commitment Therapy,Control,continuous,,26.0,,26.0,50.87,11.02,50.46,7.83,,False,True,False,True,29049.0,17627.0,13068.0,TEST
182,4339,5122613,Left SCTT,Digestion-resistant maltodextrin,Placebo,continuous,,29.0,,28.0,10.2,8.6,12.1,9.5,Had to do some simple math to get accurate group size.,False,True,False,True,6184.0,3742.0,2832.0,TEST
183,4340,5122613,Adverse events,Digestion-resistant maltodextrin,Placebo,binary,0.0,33.0,0.0,33.0,,,,,Based on abstract.,False,False,False,True,6184.0,3742.0,2832.0,TEST
184,4341,5122613,Baseline characteristics and diet,Digestion-resistant maltodextrin,Placebo,continuous,,33.0,,33.0,10.0,4.6,11.5,4.6,Mean daily fiber intake,False,False,False,True,6184.0,3742.0,2832.0,TEST
185,4337,5122613,Improvement in faeces consistency,Digestion-resistant maltodextrin,Placebo,continuous,,33.0,,33.0,3.4,1.0,3.2,0.5,,False,True,False,True,6184.0,3742.0,2832.0,TEST
186,4338,5122613,Colonic transit time,Digestion-resistant maltodextrin,Placebo,continuous,,29.0,,28.0,39.7,22.3,48.0,25.0,,False,True,False,True,6184.0,3742.0,2832.0,TEST
187,13818,5244530,depression severity reduction 12 months,person-centred general practitioners (GP) consultations,treatment as usual (TAU),continuous,,125.0,,133.0,,,,,In figure medians,True,False,False,False,6216.0,5516.0,4050.0,FEW-SHOT
188,13818,5244530,remission rate,person-centred general practitioners (GP) consultations,treatment as usual (TAU),continuous,,125.0,,133.0,,,,,No continuous data for outcome,False,False,False,False,6216.0,5516.0,4050.0,FEW-SHOT
189,13818,5244530,change in quality of life 12 months,person-centred general practitioners (GP) consultations,treatment as usual (TAU),continuous,,125.0,,133.0,,,,,In figure medians,True,False,False,False,6216.0,5516.0,4050.0,FEW-SHOT
190,13818,5244530,psychological well-being,person-centred general practitioners (GP) consultations,treatment as usual (TAU),continuous,,125.0,,133.0,,,,,In figure medians,True,False,False,False,6216.0,5516.0,4050.0,FEW-SHOT
191,13818,5244530,sedative prescriptions,person-centred general practitioners (GP) consultations,treatment as usual (TAU),binary,52.0,125.0,51.0,133.0,,,,,Data from 12 months follow up (final timepoint),False,True,False,True,6216.0,5516.0,4050.0,FEW-SHOT
192,13818,5244530,sick leave,person-centred general practitioners (GP) consultations,treatment as usual (TAU),binary,49.0,125.0,64.0,133.0,,,,,,False,True,False,True,6216.0,5516.0,4050.0,FEW-SHOT
193,13819,5244530,continued antidepressants until the 6-month,person-centred general practitioners (GP) consultations,treatment as usual (TAU),binary,86.0,125.0,78.0,133.0,,,,,,False,True,False,True,6216.0,5516.0,4050.0,FEW-SHOT
194,2094,5360580,Plasma PlsPE,1 mg/day of Pls purified from scallop,placebo,continuous,,138.0,,131.0,-0.59,1.11,-0.63,1.08,Data is from after 28 weeks (final timepoint). Back calculated the SD values using CI values.,False,True,False,True,11096.0,9099.0,6033.0,TEST
195,2095,5360580,occurrence of adverse events,1 mg/day of Pls purified from scallop,placebo,binary,39.0,169.0,35.0,167.0,,,,,,False,True,False,True,11096.0,9099.0,6033.0,TEST
196,2096,5360580,"WMS-R (30 min) In the patients aged 77 years or younger,",1 mg/day of Pls purified from scallop,placebo,continuous,,19.0,,21.0,1.84,3.87,0.0,0.96,Data is from 24 weeks (final timepoint). Back calculated the SD values using CI values.,False,True,False,True,11096.0,9099.0,6033.0,TEST
197,2097,5360580,WMS-R (0 min),1 mg/day of Pls purified from scallop,placebo,continuous,,24.0,,24.0,1.29,3.14,1.08,1.55,Data is from 28 weeks (final timepoint). Back calculated the SD values using CI values.,False,True,False,True,11096.0,9099.0,6033.0,TEST
198,7734,5380284,Pain scores 48 hours after the surgery,Gum-chewing group,No gum group,continuous,,38.0,,37.0,,,,,Not a continuous outcome,False,True,True,False,1731.0,1429.0,1251.0,TEST
199,7735,5380284,Surgery duration,Gum-chewing group,No gum group,continuous,,38.0,,37.0,,,,,Data is unavailable.,False,False,True,False,1731.0,1429.0,1251.0,TEST
200,7736,5380284,Rates of POI,Gum-chewing group,No gum group,binary,21.0,38.0,21.0,37.0,,,,,,False,True,True,True,1731.0,1429.0,1251.0,TEST
201,7737,5380284,Consumption of fentanyl,Gum-chewing group,No gum group,continuous,,38.0,,37.0,1.01,0.29,1.0,0.37,,False,True,True,True,1731.0,1429.0,1251.0,TEST
202,7738,5380284,Pain scores 24 hours and 72 hours after the surgery,Gum-chewing group,No gum group,continuous,,38.0,,37.0,,,,,Not a continuous outcome,False,True,True,False,1731.0,1429.0,1251.0,TEST
203,5498,5380326,Interferon gamma-induced protein 10,Vitamin D supplementation,Control,continuous,,40.0,,40.0,636.47,448.47,748.88,551.0,,False,True,False,True,10658.0,5810.0,4260.0,TEST
204,5496,5380326,Vitamin D levels,Vitamin D supplementation,Control,continuous,,40.0,,40.0,45.93,15.37,21.87,5.31,,False,True,False,True,10658.0,5810.0,4260.0,TEST
205,5497,5380326,Th1/Th2 cytokines,Vitamin D supplementation,Control,continuous,,40.0,,40.0,,,,,Unclear outcome numerical values in the RCT. Cannot clearly identify the actual metric or measure for the given outcome.,False,False,False,False,10658.0,5810.0,4260.0,TEST
206,5500,5380326,Interleukin 2,Vitamin D supplementation,Control,continuous,,40.0,,40.0,4.49,13.34,28.69,103.03,,False,True,False,True,10658.0,5810.0,4260.0,TEST
207,5499,5380326,Dipeptidyl peptidase-4,Vitamin D supplementation,Control,continuous,,40.0,,40.0,,1359.15,6408.33,1822.17,Table and text has conflicting numbers. Values are from Table.,False,False,False,True,10658.0,5810.0,4260.0,TEST
208,5501,5380326,Tumor necrosis factor alpha,Vitamin D supplementation,Control,continuous,,40.0,,40.0,752.94,1890.16,548.33,1210.9,,False,True,False,True,10658.0,5810.0,4260.0,TEST
209,2913,5459456,inflexion-extension for the C2-C6 segments,ACVC-HA - artificial cervical vertebra and intervertebral complex (ACVC) with an HA biocoating or ACVC,control,continuous,,8.0,,8.0,6.3,1.1,6.5,0.9,,False,True,False,True,13404.0,7477.0,5693.0,TEST
210,2913,5459456,inflexion-extension for the C2-C4 segments,ACVC-HA - artificial cervical vertebra and intervertebral complex (ACVC) with an HA biocoating or ACVC,control,continuous,,8.0,,8.0,4.0,0.3,4.0,0.6,,False,True,False,True,13404.0,7477.0,5693.0,TEST
211,2913,5459456,inflexion-extension for the C4-C5 segments,ACVC-HA - artificial cervical vertebra and intervertebral complex (ACVC) with an HA biocoating or ACVC,control,continuous,,8.0,,8.0,1.4,0.3,1.3,0.2,,False,True,False,True,13404.0,7477.0,5693.0,TEST
212,2913,5459456,inflexion-extension for the C5-C6 segments,ACVC-HA - artificial cervical vertebra and intervertebral complex (ACVC) with an HA biocoating or ACVC,control,continuous,,8.0,,8.0,1.4,0.1,1.4,0.2,,False,True,False,True,13404.0,7477.0,5693.0,TEST
213,2913,5459456,lateral bending for the C2-C6 segments,ACVC-HA - artificial cervical vertebra and intervertebral complex (ACVC) with an HA biocoating or ACVC,control,continuous,,8.0,,8.0,9.2,0.9,9.6,1.1,,False,True,False,True,13404.0,7477.0,5693.0,TEST
214,2913,5459456,lateral bending for the C2-C4 segments,ACVC-HA - artificial cervical vertebra and intervertebral complex (ACVC) with an HA biocoating or ACVC,control,continuous,,8.0,,8.0,5.8,0.5,5.9,0.7,,False,True,False,True,13404.0,7477.0,5693.0,TEST
215,2913,5459456,lateral bending for the C4-C5 segments,ACVC-HA - artificial cervical vertebra and intervertebral complex (ACVC) with an HA biocoating or ACVC,control,continuous,,8.0,,8.0,2.0,0.4,1.8,0.2,,False,True,False,True,13404.0,7477.0,5693.0,TEST
216,2913,5459456,lateral bending for the C5-C6 segments,ACVC-HA - artificial cervical vertebra and intervertebral complex (ACVC) with an HA biocoating or ACVC,control,continuous,,8.0,,8.0,2.2,0.4,2.0,0.3,,False,True,False,True,13404.0,7477.0,5693.0,TEST
217,2915,5459456,new bone formation around the screws and bone-implant contact (BIC) in both sections,ACVC-HA - artificial cervical vertebra and intervertebral complex (ACVC) with an HA biocoating,ACVC,continuous,,8.0,,8.0,,,,,,True,False,False,False,13404.0,7477.0,5693.0,TEST
218,2912,5459456,surgery time,ACVC-HA - artificial cervical vertebra and intervertebral complex (ACVC) with an HA biocoating or ACVC,anterior cervical corpectomy and fusion (ACCF),continuous,,8.0,,8.0,67.0,16.0,65.0,13.0,,False,True,False,True,13404.0,7477.0,5693.0,TEST
219,2912,5459456,blood loss,ACVC-HA - artificial cervical vertebra and intervertebral complex (ACVC) with an HA biocoating or ACVC,anterior cervical corpectomy and fusion (ACCF),continuous,,8.0,,8.0,56.0,19.0,51.0,20.0,,False,True,False,True,13404.0,7477.0,5693.0,TEST
220,2912,5459456,recovery time,ACVC-HA - artificial cervical vertebra and intervertebral complex (ACVC) with an HA biocoating or ACVC,anterior cervical corpectomy and fusion (ACCF),continuous,,8.0,,8.0,4.1,2.0,3.5,1.4,,False,True,False,True,13404.0,7477.0,5693.0,TEST
221,2912,5459456,time before eating,ACVC-HA - artificial cervical vertebra and intervertebral complex (ACVC) with an HA biocoating or ACVC,anterior cervical corpectomy and fusion (ACCF),continuous,,8.0,,8.0,4.5,2.2,3.9,2.3,,False,True,False,True,13404.0,7477.0,5693.0,TEST
222,2914,5459456,Flexion-Extension stiffness of C2-4,ACVC-HA - artificial cervical vertebra and intervertebral complex (ACVC) with an HA biocoating or ACVC,anterior cervical corpectomy and fusion (ACCF),continuous,,8.0,,8.0,0.34,0.12,7.47,1.45,"Data is from after fatigue test. Original outcome was just ""The stiffness"".",False,True,False,True,13404.0,7477.0,5693.0,TEST
223,2914,5459456,Lateral bending stiffness of C2-4,ACVC-HA - artificial cervical vertebra and intervertebral complex (ACVC) with an HA biocoating or ACVC,anterior cervical corpectomy and fusion (ACCF),continuous,,8.0,,8.0,0.05,0.02,2.67,0.68,"Data is from after fatigue test. Original outcome was just ""The stiffness"".",False,True,False,True,13404.0,7477.0,5693.0,TEST
224,2914,5459456,Rotation stiffness of C2-4,ACVC-HA - artificial cervical vertebra and intervertebral complex (ACVC) with an HA biocoating or ACVC,anterior cervical corpectomy and fusion (ACCF),continuous,,8.0,,8.0,0.02,0.0,1.62,0.47,"Data is from after fatigue test. Original outcome was just ""The stiffness"".",False,True,False,True,13404.0,7477.0,5693.0,TEST
225,3486,5498715,Scores of external regulation,Motivational interviewing through self-determination theory sessions,Standard education session,continuous,,35.0,,35.0,0.3,0.79,0.38,0.98,,False,True,False,True,11299.0,5431.0,3973.0,DEV
226,3486,5498715,Scores of amotivation,Motivational interviewing through self-determination theory sessions,Standard education session,continuous,,35.0,,35.0,0.33,1.06,0.7,1.24,,False,True,False,True,11299.0,5431.0,3973.0,DEV
227,3487,5498715,Body mass index,Motivational interviewing through self-determination theory sessions,Standard education session,continuous,,35.0,,35.0,25.78,3.3,26.53,3.53,,False,True,False,True,11299.0,5431.0,3973.0,DEV
228,3484,5498715,Sedentary behavior,Motivational interviewing through self-determination theory sessions,Standard education session,continuous,,35.0,,35.0,5.28,2.34,5.75,2.34,,False,True,False,True,11299.0,5431.0,3973.0,DEV
229,3484,5498715,agility test,Motivational interviewing through self-determination theory sessions,Standard education session,continuous,,35.0,,35.0,13.21,1.44,13.8,1.14,Data from followup.,False,True,False,True,11299.0,5431.0,3973.0,DEV
230,3483,5498715,Physical activity,Motivational interviewing through self-determination theory sessions,Standard education session,continuous,,35.0,,35.0,487.33,111.47,453.57,60.87,,False,True,False,True,11299.0,5431.0,3973.0,DEV
231,3483,5498715,physical fitness - flexibility,Motivational interviewing through self-determination theory sessions,Standard education session,continuous,,35.0,,35.0,35.53,5.87,26.83,5.47,"Original outcome was ""physical fitness""",False,True,False,True,11299.0,5431.0,3973.0,DEV
232,3483,5498715,physical fitness - muscular endurance,Motivational interviewing through self-determination theory sessions,Standard education session,continuous,,35.0,,35.0,17.83,2.7,12.48,2.9,"Original outcome was ""physical fitness""",False,True,False,True,11299.0,5431.0,3973.0,DEV
233,3483,5498715,physical fitness - agility,Motivational interviewing through self-determination theory sessions,Standard education session,continuous,,35.0,,35.0,13.21,1.44,13.8,1.14,"Original outcome was ""physical fitness""",False,True,False,True,11299.0,5431.0,3973.0,DEV
234,3483,5498715,physical fitness - cardiorespiratory endurance,Motivational interviewing through self-determination theory sessions,Standard education session,continuous,,35.0,,35.0,39.1,2.76,37.99,2.14,"Original outcome was ""physical fitness""",False,True,False,True,11299.0,5431.0,3973.0,DEV
235,3485,5498715,Scores of intrinsic motivation,Motivational interviewing through self-determination theory sessions,Standard education session,continuous,,35.0,,35.0,10.8,2.0,4.9,1.88,,False,True,False,True,11299.0,5431.0,3973.0,DEV
236,3485,5498715,Scores of perception of competence,Motivational interviewing through self-determination theory sessions,Standard education session,continuous,,35.0,,35.0,13.6,3.05,14.71,3.87,,False,True,False,True,11299.0,5431.0,3973.0,DEV
237,3485,5498715,Scores of perception of autonomy,Motivational interviewing through self-determination theory sessions,Standard education session,continuous,,35.0,,35.0,26.6,4.43,19.89,4.56,,False,True,False,True,11299.0,5431.0,3973.0,DEV
238,3485,5498715,Scores of enjoyment,Motivational interviewing through self-determination theory sessions,Standard education session,continuous,,35.0,,35.0,27.3,6.77,26.0,4.68,,False,True,False,True,11299.0,5431.0,3973.0,DEV
239,3485,5498715,Scores of health care climate,Motivational interviewing through self-determination theory sessions,Standard education session,continuous,,35.0,,35.0,80.5,9.97,69.89,1.59,,False,True,False,True,11299.0,5431.0,3973.0,DEV
240,8054,5534041,composite z-scores in autism spectrum disorder (ASD),right dorsolateral prefrontal cortex (DLPFC) anodal transcranial direct current stimulation (tDCS),sham stimulation,continuous,,12.0,,12.0,0.11,0.81,-0.25,0.71,,False,True,False,True,6951.0,5679.0,4357.0,TEST
241,8055,5534041,overall working memory (WM) performance in autism spectrum disorder (ASD),right dorsolateral prefrontal cortex (DLPFC) anodal transcranial direct current stimulation (tDCS),sham stimulation,continuous,,12.0,,12.0,6.0,0.9,4.8,0.9,,False,True,False,True,6951.0,5679.0,4357.0,TEST
242,8053,5534041,overall working memory (WM) performance in autism spectrum disorder (ASD),right dorsolateral prefrontal cortex (DLPFC) anodal transcranial direct current stimulation (tDCS),left dorsolateral prefrontal cortex (DLPFC) anodal transcranial direct current stimulation (tDCS),continuous,,12.0,,12.0,6.0,0.9,6.2,1.8,,False,True,False,True,6951.0,5679.0,4357.0,TEST
243,8056,5534041,overall working memory (WM) performance in autism spectrum disorder (ASD),left dorsolateral prefrontal cortex (DLPFC) anodal transcranial direct current stimulation (tDCS),sham stimulation,continuous,,12.0,,12.0,6.2,1.8,4.8,0.9,,False,True,False,True,6951.0,5679.0,4357.0,TEST
244,8057,5534041,composite z-scores in autism spectrum disorder (ASD),left dorsolateral prefrontal cortex (DLPFC) anodal transcranial direct current stimulation (tDCS),sham stimulation,continuous,,12.0,,12.0,0.13,0.82,-0.25,0.71,,False,True,False,True,6951.0,5679.0,4357.0,TEST
245,10306,5571493,Glycemic level,Dw 5% with Quinine infusion,Dw 5% without Quinine infusion,continuous,,10.0,,10.0,0.82,0.05,0.92,0.07,,False,False,False,True,1507.0,1019.0,928.0,TEST
246,10307,5571493,Glycemic level,Saline + Quinine infusion,Dw 5% + Quinine infusion,continuous,,10.0,,10.0,0.74,0.05,0.82,0.05,,False,False,False,True,1507.0,1019.0,928.0,TEST
247,10305,5571493,Glycemic level,Saline + Quinine infusion,Saline without Quinine infusion,continuous,,10.0,,10.0,0.74,0.05,0.83,0.05,,False,False,False,True,1507.0,1019.0,928.0,TEST
248,10308,5571493,QT interval,Saline + Quinine infusion,Saline without Quinine infusion,continuous,,10.0,,10.0,,,,,No numerical values are given.,False,False,False,False,1507.0,1019.0,928.0,TEST
249,10309,5571493,QT interval,Dw 5%+ Quinine infusion,Dw 5% without Quinine infusion,continuous,,10.0,,10.0,,,,,No numerical values are given.,False,False,False,False,1507.0,1019.0,928.0,TEST
250,10310,5571493,Hypoglycemia,Saline + Quinine infusion,Saline without Quinine infusion,continuous,,10.0,,10.0,,,,,No numerical values are given.,False,False,False,False,1507.0,1019.0,928.0,TEST
251,12425,5614421,The incidence of respiratory distress syndrome,vaginal progesterone pessaries (equivalent to 100 mg vaginal progesterone),placebo,binary,42.0,402.0,41.0,388.0,,,,,,False,True,False,True,25930.0,11480.0,8549.0,TEST
252,12426,5614421,severity of any neonatal respiratory disease,vaginal progesterone pessaries (equivalent to 100 mg vaginal progesterone),placebo,binary,8.0,402.0,7.0,388.0,,,,,,False,True,False,True,25930.0,11480.0,8549.0,TEST
253,12427,5614421,other respiratory morbidities,vaginal progesterone pessaries (equivalent to 100 mg vaginal progesterone),placebo,binary,,402.0,,388.0,,,,,Unclear what measurement to use.,False,False,False,False,25930.0,11480.0,8549.0,TEST
254,12427,5614421,"adverse infant outcomes, including serious infant composite outcome",vaginal progesterone pessaries (equivalent to 100 mg vaginal progesterone),placebo,binary,155.0,406.0,152.0,393.0,,,,,,False,True,False,True,25930.0,11480.0,8549.0,TEST
255,12428,5614421,side effects,vaginal progesterone pessaries (equivalent to 100 mg vaginal progesterone),placebo,binary,134.0,394.0,118.0,382.0,,,,,,False,True,False,True,25930.0,11480.0,8549.0,TEST
256,10572,5711682,In-stent late lumen loss at 9 months,Genoss drug-eluting stent (DES),Promus Element,continuous,,38.0,,39.0,0.11,0.25,0.16,0.43,,False,True,False,True,13148.0,4660.0,2966.0,TEST
257,10573,5711682,myocardial infarction (MI),Genoss drug-eluting stent (DES),Promus Element,binary,0.0,38.0,0.0,39.0,,,,,,False,True,False,True,13148.0,4660.0,2966.0,TEST
258,10571,5711682,target lesion revascularization (TLR),Genoss drug-eluting stent (DES),Promus Element,binary,1.0,38.0,1.0,39.0,,,,,,False,True,False,True,13148.0,4660.0,2966.0,TEST
259,10574,5711682,stent thrombosis,Genoss drug-eluting stent (DES),Promus Element,binary,0.0,38.0,0.0,39.0,,,,,,False,True,False,True,13148.0,4660.0,2966.0,TEST
260,10575,5711682,rates of death,Genoss drug-eluting stent (DES),Promus Element,binary,1.0,38.0,0.0,39.0,,,,,,False,True,False,True,13148.0,4660.0,2966.0,TEST
261,13181,5771543,CGI-I response rate,fluoxetine,placebo,binary,79.0,101.0,62.0,99.0,,,,,,False,True,False,True,12534.0,9831.0,7366.0,DEV
262,13182,5771543,CGI-I response rate,desvenlafaxine,placebo,binary,68.0,99.0,62.0,99.0,,,,,,False,True,False,True,12534.0,9831.0,7366.0,DEV
263,13183,5771543,Treatment-emergent adverse events (TEAEs),desvenlafaxine,placebo,binary,69.0,115.0,79.0,112.0,,,,,,False,True,False,True,12534.0,9831.0,7366.0,DEV
264,13183,5771543,Treatment-emergent adverse events (TEAEs),fluoxetine,placebo,binary,72.0,112.0,79.0,112.0,,,,,Typo in the table,False,True,False,True,12534.0,9831.0,7366.0,DEV
265,2786,2430617,HBeAg sero-conversion rate,60 µg of immune complexes (YIC),placebo,binary,17.0,78.0,7.0,78.0,,,,,effects found in abstract and exact number in results table,False,True,False,True,7987.0,4896.0,3773.0,TEST
266,2787,2430617,adverse events,30 µg YIC,placebo,binary,3.0,83.0,4.0,79.0,,,,,,False,True,False,True,7987.0,4896.0,3773.0,TEST
267,2787,2430617,adverse events,60 µg of YIC,placebo,binary,4.0,80.0,4.0,79.0,,,,,effects found in abstract and number of samples in text,False,False,False,True,7987.0,4896.0,3773.0,TEST
268,12440,2596788,GERD-knowledge,education,control,continuous,,102.0,,109.0,17.1,,14.0,,no standard deviations given,True,False,False,False,5143.0,3554.0,2520.0,TEST
269,2991,3214395,laryngoscopy duration,"group 1 included bispectral index (BIS) of 60, group 2 covered bispectral index (BIS) of 45",group 3 involved bispectral index (BIS) of 35,continuous,,60.0,,30.0,,,,,mean and std not given for group 1 and 2 combined,False,True,True,False,1201.0,996.0,880.0,TEST
270,2991,3214395,laryngospasm,"group 1 included bispectral index (BIS) of 60, group 2 covered bispectral index (BIS) of 46",group 3 involved bispectral index (BIS) of 36,binary,11.0,60.0,3.0,30.0,,,,,,False,True,True,True,1201.0,996.0,880.0,TEST
271,2991,3214395,bronchospasm,"group 1 included bispectral index (BIS) of 60, group 2 covered bispectral index (BIS) of 47",group 3 involved bispectral index (BIS) of 37,binary,1.0,60.0,0.0,30.0,,,,,,False,True,True,True,1201.0,996.0,880.0,TEST
272,2991,3214395,laryngoscopy failure,"group 1 included bispectral index (BIS) of 60, group 2 covered bispectral index (BIS) of 48",group 3 involved bispectral index (BIS) of 38,continuous,,60.0,,30.0,,,,,mean and std not given for group 1 and 2 combined,False,True,True,False,1201.0,996.0,880.0,TEST
273,2991,3214395,extremity movement,"group 1 included bispectral index (BIS) of 60, group 2 covered bispectral index (BIS) of 49",group 3 involved bispectral index (BIS) of 39,binary,16.0,60.0,9.0,30.0,,,,,,False,True,True,True,1201.0,996.0,880.0,TEST
274,2991,3214395,awakening,"group 1 included bispectral index (BIS) of 60, group 2 covered bispectral index (BIS) of 50",group 3 involved bispectral index (BIS) of 40,continuous,,60.0,,30.0,,,,,mean and std not given for group 1 and 2 combined,False,True,True,False,1201.0,996.0,880.0,TEST
275,6419,3654355,Body weight,Intensive lifestyle intervention (ILI) group,Waiting list control,continuous,,71.0,,33.0,-17.5,6.1,-0.5,2.8,,False,True,False,True,18948.0,9604.0,6664.0,TEST
276,6420,3654355,Fat mass,Intensive lifestyle intervention (ILI) group,Waiting list control,continuous,,71.0,,33.0,-15.7,5.3,-0.4,5.0,,False,True,False,True,18948.0,9604.0,6664.0,TEST
277,6421,3654355,Visceral fat,Intensive lifestyle intervention (ILI) group,Waiting list control,continuous,,71.0,,33.0,-82.3,31.6,4.3,22.7,,False,True,False,True,18948.0,9604.0,6664.0,TEST
278,6422,3654355,Baseline Height,Intensive lifestyle intervention (ILI) group,Waiting list control,continuous,,71.0,,33.0,173.2,8.6,172.3,10.4,,False,True,False,True,18948.0,9604.0,6664.0,TEST
279,6422,3654355,Baseline body mass index,Intensive lifestyle intervention (ILI) group,Waiting list control,continuous,,71.0,,33.0,42.8,4.6,42.8,6.3,,False,True,False,True,18948.0,9604.0,6664.0,TEST
280,6422,3654355,baseline body weight,Intensive lifestyle intervention (ILI) group,Waiting list control,continuous,,71.0,,33.0,128.9,19.4,127.1,21.6,,False,True,False,True,18948.0,9604.0,6664.0,TEST
281,6422,3654355,baseline fat mass,Intensive lifestyle intervention (ILI) group,Waiting list control,continuous,,71.0,,33.0,60.5,11.0,60.4,13.5,,False,True,False,True,18948.0,9604.0,6664.0,TEST
282,6422,3654355,baseline fat-free mass,Intensive lifestyle intervention (ILI) group,Waiting list control,continuous,,71.0,,33.0,68.3,13.2,67.1,12.8,,False,True,False,True,18948.0,9604.0,6664.0,TEST
283,6422,3654355,baseline skeletal muscle mass,Intensive lifestyle intervention (ILI) group,Waiting list control,continuous,,71.0,,33.0,38.4,7.9,37.9,7.4,,False,True,False,True,18948.0,9604.0,6664.0,TEST
284,6422,3654355,baseline visceral fat area,Intensive lifestyle intervention (ILI) group,Waiting list control,continuous,,71.0,,33.0,255.7,64.7,245.6,66.3,,False,True,False,True,18948.0,9604.0,6664.0,TEST
285,6301,3929816,Baseline characteristics and general anesthesia procedure,Intraabdominal pressure 20 mm Hg,Intraabdominal pressure 12 mm Hg,continuous,,10.0,,10.0,,,,,No quantitative measures given,False,False,False,False,1047.0,859.0,749.0,TEST
286,6302,3929816,Pathologic changes in the liver,Intraabdominal pressure 20 mm Hg,Intraabdominal pressure 12 mm Hg,continuous,,10.0,,10.0,,,,,No quantitative measures given,False,False,False,False,1047.0,859.0,749.0,TEST
287,6303,3929816,Pathologic changes in the kidneys,Intraabdominal pressure 20 mm Hg,Intraabdominal pressure 12 mm Hg,continuous,,10.0,,10.0,,,,,Not enough measures given for calculation,False,False,False,False,1047.0,859.0,749.0,TEST
288,6100,4215531,alpha power,facial affect training (FAT) in 20 daily 1-hour sessions,baseline,continuous,,19.0,,19.0,,,,,"F-values given, not sure how to use them",False,False,False,False,7350.0,5561.0,4156.0,TEST
289,6102,4215531,alpha power,facial affect training (FAT) in 20 daily 1-hour sessions,treatment as usual (TAU),continuous,,19.0,,19.0,,,,,"F-values given, not sure how to use them",False,False,False,False,7350.0,5561.0,4156.0,TEST
290,6103,4215531,MCCB performance : Processing Speed,facial affect training (FAT) in 20 daily 1-hour sessions,baseline,continuous,,19.0,,19.0,44.6,12.2,48.2,12.3,used post values and Treatment as Usual as Baseline,False,True,False,True,7350.0,5561.0,4156.0,TEST
291,6103,4215531,MCCB performance : Attentional Vigilance,facial affect training (FAT) in 20 daily 1-hour sessions,baseline,continuous,,19.0,,19.0,38.5,11.8,41.3,10.1,used post values and Treatment as Usual as Baseline,False,True,False,True,7350.0,5561.0,4156.0,TEST
292,6103,4215531,MCCB performance : Visual Learning,facial affect training (FAT) in 20 daily 1-hour sessions,baseline,continuous,,19.0,,19.0,49.4,12.8,46.5,9.8,used post values and Treatment as Usual as Baseline,False,True,False,True,7350.0,5561.0,4156.0,TEST
293,6104,4215531,MCCB performance : Working Memory,facial affect training (FAT) in 20 daily 1-hour sessions,baseline,continuous,,19.0,,19.0,48.2,9.2,50.8,12.1,used post values and Treatment as Usual as Baseline,False,True,False,True,7351.0,5561.0,4156.0,TEST
294,6104,4215531,MCCB performance : Verbal Learning,facial affect training (FAT) in 20 daily 1-hour sessions,baseline,continuous,,19.0,,19.0,47.1,10.0,47.3,10.4,used post values and Treatment as Usual as Baseline,False,True,False,True,7352.0,5561.0,4156.0,TEST
295,6104,4215531,MCCB performance : Reasoning,facial affect training (FAT) in 20 daily 1-hour sessions,baseline,continuous,,19.0,,19.0,47.9,8.8,46.5,9.8,used post values and Treatment as Usual as Baseline,False,True,False,True,7353.0,5561.0,4156.0,TEST
296,6104,4215531,MCCB performance : Social Cognition,facial affect training (FAT) in 20 daily 1-hour sessions,baseline,continuous,,19.0,,19.0,39.3,11.1,42.8,11.7,used post values and Treatment as Usual as Baseline,False,False,False,True,7350.0,5561.0,4156.0,TEST
297,5595,4355974,Days of wheeze,BostonBreathes system,Control,continuous,,28.0,,14.0,-1.4,,-4.2,,standard deviations not given and means are mean change,False,True,False,False,7450.0,5464.0,3820.0,TEST
298,5596,4355974,ER visits,BostonBreathes system,Control,binary,,28.0,,14.0,,,,,found in table,False,True,False,False,7450.0,5464.0,3820.0,TEST
299,5597,4355974,Days limited activity from asthma,BostonBreathes system,Control,continuous,,28.0,,14.0,-0.2,,-1.8,,"standard deviations not given, means are mean change",False,True,False,False,7450.0,5464.0,3820.0,TEST
300,5598,4355974,Knowledge,BostonBreathes system,Control,binary,9.0,12.0,3.0,8.0,,,,,"found in table,",False,True,False,True,7450.0,5464.0,3820.0,TEST
301,5599,4355974,School days missed for asthma,BostonBreathes system,Control,continuous,,28.0,,14.0,-0.2,,-0.4,,"standard deviations not given, means are mean change",False,True,False,False,7450.0,5464.0,3820.0,TEST
302,5600,4355974,Days patient had to slow down,BostonBreathes system,Control,continuous,,28.0,,14.0,-1.4,,-0.4,,"standard deviations not given, means are mean change",False,True,False,False,7450.0,5464.0,3820.0,TEST
303,3878,4357072,improvement in symptom scores,topical pimecrolimus cream 1%,triamcinolone acetonide oral paste 0.1%,continuous,,15.0,,15.0,0.2,0.4,0.8,0.6,significance found in abstract and numbers in results,False,True,True,True,2097.0,1624.0,1385.0,TEST
304,3879,4357072,reduction in burning sensation,topical pimecrolimus cream 1%,triamcinolone acetonide oral paste 0.1%,continuous,,15.0,,15.0,1.0,2.1,5.3,6.1,significance found in abstract and numbers in results,False,True,True,True,2097.0,1624.0,1385.0,TEST
305,3880,4357072,reduction in erythematous area,topical pimecrolimus cream 1%,triamcinolone acetonide oral paste 0.1%,binary,14.0,15.0,10.0,15.0,,,,,significance found in abstract and numbers in results,False,True,True,True,2097.0,1624.0,1385.0,TEST
306,3882,4357072,reappearance of erythematous areas after 2 months posttreatment,pimecrolimus,triamcinolone acetate,binary,1.0,15.0,5.0,15.0,,,,,significance found in abstract and numbers in results. Table and text have different timepoints for same numbers,False,True,False,True,2097.0,1624.0,1385.0,TEST
307,7831,4541185,duration of sensory block,ropivacaine + diluted clonidine with saline,ropivacaine + saline,continuous,,30.0,,30.0,703.83,42.9,556.38,37.96,found in text,False,True,True,True,1359.0,1043.0,907.0,TEST
308,7831,4541185,duration of motor block,ropivacaine + diluted clonidine with saline,ropivacaine + saline,continuous,,30.0,,30.0,621.67,46.76,500.86,44.58,found in text,False,True,True,True,1359.0,1043.0,907.0,TEST
309,7832,4541185,duration of analgesia,ropivacaine + diluted clonidine with saline,ropivacaine + saline,continuous,,30.0,,30.0,878.33,89.955,613.1,51.797,found in text,False,True,True,True,1359.0,1043.0,907.0,TEST
310,7833,4541185,onset of sensory block,ropivacaine + diluted clonidine with saline,ropivacaine + saline,continuous,,30.0,,30.0,4.36,0.81,4.84,0.65,found in abstract,False,False,False,True,1359.0,1043.0,907.0,TEST
311,7833,4541185,onset of motor block,ropivacaine + diluted clonidine with saline,ropivacaine + saline,continuous,,30.0,,30.0,9.83,1.12,10.85,0.79,found in abstract,False,False,False,True,1359.0,1043.0,907.0,TEST
312,7834,4541185,heart rate,ropivacaine + diluted clonidine with saline,ropivacaine + saline,continuous,,30.0,,30.0,76.1,8.91,76.77,8.76,found in table,False,True,True,True,1359.0,1043.0,907.0,TEST
313,7835,4541185,mean arterial pressure,ropivacaine + diluted clonidine with saline,ropivacaine + saline,continuous,,30.0,,30.0,92.04,7.15,91.2,6.62,found in table,False,True,True,True,1359.0,1043.0,907.0,TEST
314,9840,4928400,Stone-free rate,Transperitoneal laparoscopic ureterolithotomy,Flexible ureteroscopy,binary,22.0,22.0,16.0,20.0,,,,,,False,True,False,True,4037.0,2288.0,1670.0,TEST
315,9841,4928400,Operative time,Transperitoneal laparoscopic ureterolithotomy,Flexible ureteroscopy,continuous,,22.0,,20.0,74.1,12.2,78.0,6.4,found in table,False,True,False,True,4037.0,2288.0,1670.0,TEST
316,9842,4928400,Complication,Transperitoneal laparoscopic ureterolithotomy,Flexible ureteroscopy,binary,5.0,22.0,7.0,20.0,,,,,,False,True,False,True,4037.0,2288.0,1670.0,TEST
317,9843,4928400,Postoperative pain,Transperitoneal laparoscopic ureterolithotomy,Flexible ureteroscopy,continuous,,22.0,,20.0,4.3,1.0,3.6,1.2,,False,True,False,True,4037.0,2288.0,1670.0,TEST
318,9844,4928400,Hospital stay,Transperitoneal laparoscopic ureterolithotomy,Flexible ureteroscopy,continuous,,22.0,,20.0,4.2,1.2,2.1,1.1,,False,True,False,True,4037.0,2288.0,1670.0,TEST
319,9845,4928400,Time for return to daily activities,Transperitoneal laparoscopic ureterolithotomy,Flexible ureteroscopy,continuous,,22.0,,20.0,13.3,1.7,9.0,1.6,,False,True,False,True,4037.0,2288.0,1670.0,TEST
320,4723,5539943,reflections of sustain talk,Language Enhanced Attention and Focus MI training condition (MI-LEAF),MI training (MI-AU),continuous,,,,,,,,,No group sizes and individual means and stds given,False,False,False,False,9850.0,5076.0,3578.0,TEST
321,4724,5539943,"""sustain talk"" (ST)",Language Enhanced Attention and Focus MI training condition (MI-LEAF),baseline,continuous,,,,,,,,,No group sizes and individual means and stds given,False,False,False,False,9850.0,5076.0,3578.0,TEST
322,4725,5539943,"Frequency of client ""change talk"" (CT)",Language Enhanced Attention and Focus MI training condition (MI-LEAF),MI training (MI-AU),continuous,,,,,,,,,No group sizes and individual means and stds given,False,False,False,False,9850.0,5076.0,3578.0,TEST
323,4726,5539943,Motivational Interviewing (MI) knowledge,Language Enhanced Attention and Focus MI training condition (MI-LEAF),baseline,continuous,,,,,,,,,No group sizes and individual means and stds given,False,False,False,False,9850.0,5076.0,3578.0,TEST
324,4726,5539943,Motivational Interviewing (MI) knowledge,MI training (MI-AU),baseline,continuous,,,,,,,,,No group sizes and individual means and stds given,False,False,False,False,9850.0,5076.0,3578.0,TEST
325,4727,5539943,Motivational Interviewing (MI) knowledge,Language Enhanced Attention and Focus MI training condition (MI-LEAF),MI training (MI-AU),continuous,,,,,,,,,No group sizes and individual means and stds given,False,False,False,False,9850.0,5076.0,3578.0,TEST
326,5372,5559992,Anxiety,Buprenophine 32 mg,No treatment,continuous,,5.0,,5.0,1.0,2.23,11.0,8.63,"decided ""no treatment"" meant baseline",False,True,True,True,1146.0,884.0,721.0,TEST
327,5373,5559992,Anxiety,Buprenophine 64 mg,No treatment,continuous,,4.0,,4.0,1.25,2.5,26.5,14.7,"decided ""no treatment"" meant baseline",False,True,True,True,1146.0,884.0,721.0,TEST
328,5374,5559992,Anxiety,Buprenophine 96 mg,No treatment,continuous,,5.0,,5.0,0.0,0.0,23.8,13.82,"decided ""no treatment"" meant baseline",False,True,True,True,1146.0,884.0,721.0,TEST
329,5375,5559992,Anxiety,Buprenophine 32 mg,Buprenophine 64 mg,continuous,,5.0,,4.0,1.0,2.23,1.25,2.5,found in table used last day 7 as values since it was last timepoint.,False,True,True,True,1146.0,884.0,721.0,TEST
330,5376,5559992,Anxiety,Buprenophine 32 mg,Buprenophine 96 mg,continuous,,5.0,,5.0,1.0,2.23,0.0,0.0,found in table used last day 7 as values since it was last timepoint.,False,True,True,True,1146.0,884.0,721.0,TEST
331,5377,5559992,Anxiety,Buprenophine 64 mg,Buprenophine 96 mg,continuous,,4.0,,5.0,0.0,0.0,0.0,0.0,found in table used last day 7 as values since it was last timepoint.,False,True,True,True,1146.0,884.0,721.0,TEST
332,5078,5617873,Parent-rated Aberrant Behavior Checklis improvement,Aripiprazole,Placbeo,continuous,,45.0,,47.0,-11.4,1.3,-7.5,1.4,"all means and std found in table 2, given as mean change from baseline",False,True,False,True,7551.0,5383.0,4396.0,TEST
333,5079,5617873,Clinician-rated Clinical Global Impression-Improvement scores,Aripiprazole,Placbeo,continuous,,47.0,,45.0,2.4,0.1,3.4,0.1,raw values foun din text,False,False,False,True,7551.0,5383.0,4396.0,TEST
334,5080,5617873,Serious adverse effects,Aripiprazole,Placbeo,binary,0.0,47.0,1.0,45.0,,,,,all means and std found in table 2,False,True,False,True,7551.0,5383.0,4396.0,TEST
335,5081,5617873,Inappropriate speech,Aripiprazole,Placbeo,continuous,,45.0,,47.0,-2.2,0.4,-1.5,0.4,"table 2, given as mean change",False,True,False,True,7551.0,5383.0,4396.0,TEST
336,5082,5617873,Social withdrawal,Aripiprazole,Placbeo,continuous,,45.0,,47.0,-4.7,1.1,-5.2,1.0,"table 2, given as mean change",False,True,False,True,7551.0,5383.0,4396.0,TEST
337,5083,5617873,Compulsion scale,Aripiprazole,Placbeo,continuous,,45.0,,47.0,-1.3,0.5,-2.0,0.5,"table 2, given as mean change",False,True,False,True,7551.0,5383.0,4396.0,TEST
338,11078,5655920,Nausea,Lixisenatide with normal renal function,Lixisenatide with mild impairment,binary,,2094.0,,637.0,,,,,placebo-adjusted meta-analysis (fixed effect) = -0.1,False,True,False,False,13081.0,5825.0,4026.0,TEST
339,11078,5655920,vomiting,Lixisenatide with normal renal function,Lixisenatide with mild impairment,binary,,2094.0,,637.0,,,,,placebo-adjusted meta-analysis (fixed effect) = -0.1,False,True,False,False,13081.0,5825.0,4026.0,TEST
340,11079,5655920,Nausea,Lixisenatide with moderate impairment,Lixisenatide with mild impairment,binary,,122.0,,637.0,,,,,placebo-adjusted meta-analysis (fixed effect) = 0.04,False,True,False,False,13081.0,5825.0,4026.0,TEST
341,11079,5655920,vomiting,Lixisenatide with moderate impairment,Lixisenatide with mild impairment,binary,,122.0,,637.0,,,,,placebo-adjusted meta-analysis (fixed effect) = 0.04,False,True,False,False,13081.0,5825.0,4026.0,TEST
342,11080,5655920,Nausea,Lixisenatide with moderate impairment,Lixisenatide with normal renal function,binary,,122.0,,2094.0,,,,,placebo-adjusted meta-analysis (fixed effect) = -0.03,False,True,False,False,13081.0,5825.0,4026.0,TEST
343,11080,5655920,vomiting,Lixisenatide with moderate impairment,Lixisenatide with normal renal function,binary,,122.0,,2094.0,,,,,placebo-adjusted meta-analysis (fixed effect) = -0.03,False,True,False,False,13081.0,5825.0,4026.0,TEST
344,11081,5655920,Hypoglycaemia,Lixisenatide with normal renal function,Lixisenatide with mild impairment,binary,,2094.0,,637.0,,,,,placebo-adjusted meta-analysis (fixed effect) = -0.02,False,True,False,False,13081.0,5825.0,4026.0,TEST
345,11082,5655920,Hypoglycaemia,Lixisenatide with moderate impairment,Lixisenatide with mild impairment,binary,,122.0,,637.0,,,,,placebo-adjusted meta-analysis (fixed effect) = 0.04,False,True,False,False,13081.0,5825.0,4026.0,TEST
346,10232,5686687,Pain,Resveratrol,Placebo,continuous,,22.0,,22.0,3.2,2.63,3.9,3.35,Back calculated the SD values from CI.,False,True,False,True,7451.0,3515.0,2366.0,TEST
347,10233,5686687,Need for dipyrone,Resveratrol,Placebo,continuous,,22.0,,22.0,1944.0,1793.0,625.0,250.0,found in table,False,True,False,True,7451.0,3515.0,2366.0,TEST
348,10234,5686687,Need for Ibuprofen,Resveratrol,Placebo,continuous,,22.0,,22.0,1200.0,848.0,5640.0,328.0,found in table,False,True,False,True,7451.0,3515.0,2366.0,TEST
349,10235,5686687,Prolactin levels,Resveratrol,Placebo,continuous,,22.0,,22.0,,,,,median and ranges given,False,True,False,False,7451.0,3515.0,2366.0,TEST
350,10236,5686687,CA-125 levels,Resveratrol,Placebo,continuous,,22.0,,22.0,,,,,median and ranges given,False,True,False,False,7451.0,3515.0,2366.0,TEST
351,4493,5874317,Knee extension (1-rep Max),Bilateral training,Unilateral training,continuous,,9.0,,9.0,237.2,51.0,182.4,8.4,Found in table raw values,False,True,False,True,10785.0,5696.0,4631.0,TEST
352,4494,5874317,Knee flexion (1-rep Max),Bilateral training,Unilateral training,continuous,,9.0,,9.0,99.8,10.2,86.8,2.9,Found in table raw values,False,True,False,True,10785.0,5696.0,4631.0,TEST
353,4495,5874317,Change of direction improvement,Bilateral training,Unilateral training,continuous,,9.0,,9.0,5.46,0.2,5.67,0.16,Found in table raw values,False,True,False,True,10785.0,5696.0,4631.0,TEST
354,4496,5874317,Squat jump,Bilateral training,Unilateral training,continuous,,9.0,,9.0,0.37,0.04,0.34,0.04,Found in table raw values,False,True,False,True,10785.0,5696.0,4631.0,TEST
355,4497,5874317,Horizontal countermovement jump,Bilateral training,Unilateral training,continuous,,9.0,,9.0,2.34,0.07,2.21,0.15,Found in table raw values,False,True,False,True,10785.0,5696.0,4631.0,TEST
356,4498,5874317,Horizontal triple jump (non-dominant leg),Bilateral training,Unilateral training,continuous,,9.0,,9.0,5.71,0.71,5.7,0.45,Found in table raw values,False,True,False,True,10785.0,5696.0,4631.0,TEST
357,4710,5884950,objective-SCORAD score,extensively hydrolyzed whey-based formula with short-chain galacto-oligosaccharides/long-chain fructo-oligosaccharides (9:1) and Bifidobacterium breve M-16V (active).,extensively hydrolyzed whey-based formula without (control) short-chain galacto-oligosaccharides/long-chain fructo-oligosaccharides (9:1) and Bifidobacterium breve M-16V (active).,continuous,,13.0,,13.0,,,,,"mean and std not given, only median and interquartile range",False,False,False,False,11712.0,6635.0,5281.0,TEST
358,4711,5884950,chemokines CXCL9,extensively hydrolyzed whey-based formula with short-chain galacto-oligosaccharides/long-chain fructo-oligosaccharides (9:1) and Bifidobacterium breve M-16V (active).,extensively hydrolyzed whey-based formula without (control) short-chain galacto-oligosaccharides/long-chain fructo-oligosaccharides (9:1) and Bifidobacterium breve M-16V (active).,continuous,,21.0,,20.0,,,,,"mean and std not given, only median and interquartile range",False,False,False,False,11712.0,6635.0,5281.0,TEST
359,8710,5971365,clinically meaningful improvement at week 144 (⩾3-point increase on the SDMT),daclizumab beta,intramuscular (IM) interferon (IFN) beta-1a,binary,188.0,287.0,144.0,277.0,,,,,"counts calculated from percentages given in text, totals found in figure",False,False,False,True,3177.0,2394.0,2130.0,TEST
360,8711,5971365,Symbol Digit Modalities Test (SDMT) score at week 96,daclizumab beta,intramuscular (IM) interferon (IFN) beta-1a,continuous,,720.0,,682.0,4.1,12.4,2.9,12.7,"found in figure and text, totals found in figure",True,False,False,True,3177.0,2394.0,2130.0,TEST
361,8712,5971365,Symbol Digit Modalities Test (SDMT) score at week 144 in limited patients,daclizumab beta,intramuscular (IM) interferon (IFN) beta-1a,continuous,,287.0,,277.0,6.3,12.6,3.1,13.2,"found in figure and text, totals found in figure",False,False,False,True,3177.0,2394.0,2130.0,TEST
362,8713,5971365,clinically meaningful worsening at week 96 (⩾3-point decrease on the SDMT),daclizumab beta,intramuscular (IM) interferon (IFN) beta-1a,binary,140.0,720.0,169.0,682.0,,,,,"counts calculated from percentages given in text, totals found in figure",True,False,False,True,3177.0,2394.0,2130.0,TEST
363,8714,5971365,clinically meaningful improvement at week 96 (⩾3-point increase on the SDMT),daclizumab beta,intramuscular (IM) interferon (IFN) beta-1a,binary,432.0,720.0,369.0,682.0,,,,,"counts calculated from percentages given in text, totals found in figure",True,False,False,True,3177.0,2394.0,2130.0,TEST
364,12884,5976949,ANGPTL4 expression,"GDM1 (tight glycaemic targets, fasting blood glucose < 5.1 mmol/L and <7.0 mmol/L postprandial)",control group- normal glucose tolerance,continuous,,20.0,,25.0,23.1,25.6,98.3,104.6,found in table,False,True,False,True,4402.0,2905.0,2274.0,TEST
365,12885,5976949,ANGPTL4 expression,"GDM1 (tight glycaemic targets, fasting blood glucose < 5.1 mmol/L and <7.0 mmol/L postprandial)","GDM2 (less tight glycaemic targets, <5.3_mmol/L and <_7.8_mmol/L)",continuous,,20.0,,21.0,23.1,25.6,21.5,25.8,found in table,False,True,False,True,4402.0,2905.0,2274.0,TEST
366,12886,5976949,leptin/adiponectin ratio (LAR),"GDM2 (less tight glycaemic targets, <5.3 mmol/L and < 7.8 mmol/L)","GDM1 (tight glycaemic targets, fasting blood glucose_<_5.1_mmol/L and <7.0_mmol/L postprandial) postprandial,), control group- normal glucose tolerance",continuous,,21.0,,45.0,1.7,,1.66,,combined means and stds not given,False,True,False,False,4402.0,2905.0,2274.0,TEST
367,12887,5976949,leptin/adiponectin ratio (LAR),"GDM1 (tight glycaemic targets, fasting blood glucose < 5.1 mmol/L and <7.0 mmol/L postprandial)",control group- normal glucose tolerance,continuous,,20.0,,25.0,0.97,1.31,0.72,0.46,found in table,False,True,False,True,4402.0,2905.0,2274.0,TEST
368,224,1475568,Minnesota living with heart failure (MLHF) questionnaire baseline scores,Follow-up and thorough education on self-care,Standard information about self-care,continuous,,59.0,,64.0,45.0,,57.0,,Only the mean score was given in table.,False,True,False,False,4361.0,3649.0,2573.0,TEST
369,216,1475568,Heart failure-related quality of life at the end of treatment,Follow-up and thorough education on self-care,Standard information about self-care,continuous,,59.0,,64.0,1.0,,5.0,,Only the mean change was found in text.,False,False,False,False,4361.0,3649.0,2573.0,TEST
370,217,1475568,Baseline hypertension,Follow-up and thorough education on self-care,Standard information about self-care,binary,51.0,59.0,57.0,64.0,,,,,Used percentage found in table to calculate actual number for binary variable.,False,True,False,True,4361.0,3649.0,2573.0,TEST
371,218,1475568,Baseline diabetes,Follow-up and thorough education on self-care,Standard information about self-care,binary,35.0,59.0,33.0,64.0,,,,,Used percentage found in table to calculate actual number for binary variable.,False,True,False,True,4361.0,3649.0,2573.0,TEST
372,228,1475568,Baseline life-quality score,Follow-up and thorough education on self-care,Standard information about self-care,continuous,,59.0,,64.0,45.0,,57.0,,Only the mean score was given in table.,False,True,False,False,4361.0,3649.0,2573.0,TEST
373,226,1475568,Knowledge about heart failure,Follow-up and thorough education on self-care,Standard information about self-care,continuous,,59.0,,64.0,,,,,Only the overall mean difference in score improvement was given.,False,False,False,False,4361.0,3649.0,2573.0,TEST
374,220,1475568,Baseline beta-blockers intake,Follow-up and thorough education on self-care,Standard information about self-care,binary,32.0,59.0,46.0,64.0,,,,,Used percentage found in table to calculate actual number for binary variable.,False,True,False,True,4361.0,3649.0,2573.0,TEST
375,227,1475568,Self-efficacy,Follow-up and thorough education on self-care,Standard information about self-care,continuous,,59.0,,64.0,,,,,Only the overall mean difference in score improvement was given.,False,False,False,False,4361.0,3649.0,2573.0,TEST
376,219,1475568,Baseline systolic dysfunction,Follow-up and thorough education on self-care,Standard information about self-care,binary,23.0,59.0,28.0,64.0,,,,,Used percentage found in table to calculate actual number for binary variable.,False,True,False,True,4361.0,3649.0,2573.0,TEST
377,223,1475568,Baseline angiotensin II receptor blockers (ARBs) intake,Follow-up and thorough education on self-care,Standard information about self-care,binary,,59.0,,64.0,,,,,Unclear since the values for this are reported with ACEI intake.,False,True,False,False,4361.0,3649.0,2573.0,TEST
378,222,1475568,Baseline digoxin intake,Follow-up and thorough education on self-care,Standard information about self-care,binary,15.0,59.0,12.0,64.0,,,,,Used percentage found in table to calculate actual number for binary variable.,False,True,False,True,4361.0,3649.0,2573.0,TEST
379,221,1475568,Baseline angiotensin-converting enzyme (ACE) inhibitors intake,Follow-up and thorough education on self-care,Standard information about self-care,binary,,59.0,,64.0,,,,,Unclear since the values for this are reported with ARB intake.,False,True,False,False,4361.0,3649.0,2573.0,TEST
380,214,1475568,Hospitalization or death,Follow-up and thorough education on self-care,Standard information about self-care,binary,25.0,59.0,39.0,64.0,,,,,Used percentage found in table to calculate actual number for binary variable.,False,True,False,True,4361.0,3649.0,2573.0,TEST
381,215,1475568,Daily weight monitoring at the end of treatment,Follow-up and thorough education on self-care,Standard information about self-care,binary,47.0,59.0,19.0,64.0,,,,,Used percentage found in text to calculate actual number for binary variable.,False,False,False,True,4361.0,3649.0,2573.0,TEST
382,225,1475568,Cardiac-related hospitalization,Follow-up and thorough education on self-care,Standard information about self-care,binary,20.0,59.0,25.0,64.0,,,,,Used percentage found in text to calculate actual number for binary variable.,False,False,False,True,4361.0,3649.0,2573.0,TEST
383,876,2974815,discontinued treatment,"""phone calls"" group","""no phone calls"" group",binary,4.0,108.0,30.0,246.0,,,,,Values from results section text.,False,False,False,True,13659.0,6016.0,4469.0,TEST
384,949,3278655,maximum total point motion (MTPM),The trabecular metal tibial monoblock component (TM),cemented component.,continuous,,27.0,,18.0,0.98,3.91,0.79,2.27,Back calculated the SD values from CI. Numerical values are from 5-year follow up.,False,True,False,True,5463.0,3510.0,2857.0,TEST
385,877,2974815,The percentage of patients with controlled blood pressure (<140/90 mmHg),"""phone calls"" group","""no phone calls"" group",binary,,108.0,,246.0,,,,,Numerical values are not available.,False,False,False,False,13659.0,6016.0,4469.0,TEST
386,1118,3577738,website use in terms of the number of pages visited,website with social presence elements.,website without social presence elements.,continuous,,231.0,,227.0,7.5,4.0,8.0,3.8,Cannot find the group sizes in the text or table. Update: Group sizes in flowchart,False,True,False,True,3018.0,2080.0,1653.0,TEST
387,1118,3577738,website use in terms of time on the website,website with social presence elements.,website without social presence elements.,continuous,,231.0,,227.0,151.0,117.4,150.8,107.8,Cannot find the group sizes in the text or table. Update: Group sizes in flowchart,False,True,False,True,3018.0,2080.0,1653.0,TEST
388,1119,3577738,focused on the social presence elements in terms of frequency,website with social presence elements.,website without social presence elements.,continuous,,231.0,,227.0,,,,,"Cannot find the group sizes in the text or table. Also, no numerical values for this outcome is found for each of the conditions.",False,False,False,False,3018.0,2080.0,1653.0,TEST
389,1119,3577738,focused on the social presence elements in terms of duration,website with social presence elements.,website without social presence elements.,continuous,,231.0,,227.0,,,,,"Cannot find the group sizes in the text or table. Also, no numerical values for this outcome is found for each of the conditions.",False,False,False,False,3018.0,2080.0,1653.0,TEST
390,875,2974815,percentage of patients with controlled blood pressure,"""phone calls"" group","""no phone calls"" group",binary,86.0,108.0,175.0,246.0,,,,,"Used 80% for ""phone calls"" group and 71% for ""no phone calls"" group.",False,False,False,True,13659.0,6016.0,4469.0,TEST
391,950,3278655,subsidence,The trabecular metal tibial monoblock component (TM),cemented component.,continuous,,27.0,,18.0,-0.38,0.37,-0.04,0.11,Used numerical values for Superior/inferior translation (SD). Numerical values are from 5-year follow up.,False,True,False,True,5463.0,3510.0,2857.0,TEST
392,951,3278655,"The proportion of ""at risk"" components at 5 years",The trabecular metal tibial monoblock component (TM),cemented component.,binary,0.0,27.0,2.0,18.0,,,,,Used numerical values from 5-year follow up provided in abstract.,False,False,False,True,5463.0,3510.0,2857.0,TEST
393,1120,3577738,efficiency,website with social presence elements.,website without social presence elements.,continuous,,231.0,,227.0,,,,,Numerical values are factorloading or something similar,False,False,False,False,3018.0,2080.0,1653.0,TEST
394,1120,3577738,effectiveness,website with social presence elements.,website without social presence elements.,continuous,,231.0,,227.0,,,,,Numerical values are factorloading or something similar,False,False,False,False,3018.0,2080.0,1653.0,TEST
395,1120,3577738,enjoyment,website with social presence elements.,website without social presence elements.,continuous,,231.0,,227.0,,,,,Numerical values are factorloading or something similar,False,False,False,False,3018.0,2080.0,1653.0,TEST
396,1120,3577738,active trust,website with social presence elements.,website without social presence elements.,continuous,,231.0,,227.0,,,,,Numerical values are factorloading or something similar,False,False,False,False,3018.0,2080.0,1653.0,TEST
397,1120,3577738,interest,website with social presence elements.,website without social presence elements.,continuous,,231.0,,227.0,,,,,Numerical values are factorloading or something similar,False,False,False,False,3018.0,2080.0,1653.0,TEST
398,2240,4678179,progression-free-survival (PFS),vismodegib plus gemcitabine (GV),gemcitabine plus placebo (GP),continuous,,53.0,,53.0,,,,,Numerical values are factorloading or something similar,False,False,False,False,9517.0,6474.0,5204.0,TEST
399,2241,4678179,Median overall survival (OS),vismodegib plus gemcitabine (GV),gemcitabine plus placebo (GP),continuous,,53.0,,53.0,6.9,4.09,6.1,5.57,"Median is given with CI. Since the outcome explicitly says ""median"", including median values. Back calculated SD using CI.",False,False,False,True,9517.0,6474.0,5204.0,TEST
400,2242,4678179,Response rates,vismodegib plus gemcitabine (GV),gemcitabine plus placebo (GP),continuous,,53.0,,53.0,8.0,,13.0,,Only difference in response rates as percent is given.,False,False,False,False,9517.0,6474.0,5204.0,TEST
401,2243,4678179,rate of adverse events,vismodegib plus gemcitabine (GV),gemcitabine plus placebo (GP),binary,4.0,53.0,2.0,53.0,,,,,Used numbers found in results section text.,False,False,False,True,9517.0,6474.0,5204.0,TEST
402,2723,5268424,score on the general dimension scale of negative affects (referred to as NA from here onward),view a video featuring individuals that live in extreme poverty,control,continuous,,55.0,,50.0,21.036,6.327,17.68,5.859,,False,True,False,True,12258.0,6615.0,4148.0,TEST
403,2804,5781260,Exercise-induced Creatine kinase (CK),lemon verbena extract,placebo,continuous,,20.0,,20.0,80.0,,160.0,,Mean and CI in figure. Mean diff in figure,True,False,False,False,4385.0,3505.0,2662.0,TEST
404,2802,5781260,exercise-related loss of muscle strength (MVC),lemon verbena extract,placebo,continuous,,20.0,,20.0,0.0,,-25.0,,Mean and CI in figure. Mean diff in figure,True,False,False,False,4385.0,3505.0,2662.0,TEST
405,2805,5781260,Glutathione peroxidase (GPxP),lemon verbena extract,placebo,continuous,,20.0,,20.0,0.5,,-1.5,,Mean and CI in figure. Mean diff in figure,True,False,False,False,4385.0,3505.0,2662.0,TEST
406,2807,5781260,adverse events,lemon verbena extract,placebo,binary,,20.0,,20.0,,,,,Unclear numerical values.,False,False,False,False,4385.0,3505.0,2662.0,TEST
407,2803,5781260,Movement induced pain (VAS),lemon verbena extract,placebo,continuous,,20.0,,20.0,1.5,,2.0,,Mean and CI in figure.,False,False,False,False,4385.0,3505.0,2662.0,TEST
408,2806,5781260,Interleukin 6,lemon verbena extract,placebo,continuous,,20.0,,20.0,,,,,Numerical values are not given.,False,False,False,False,4385.0,3505.0,2662.0,TEST
409,3260,3475525,Correct selection of the healthier product,MTL+caloric intake group,No label group,continuous,,90.0,,99.0,73.3,6.9,67.8,10.3,Available in abstract and table,False,True,False,True,9086.0,4934.0,3542.0,TEST
410,3260,3475525,Correct selection of the healthier product,MTL+caloric intake group,TL+SNL group,continuous,,90.0,,95.0,73.3,6.9,65.8,7.3,Available in abstract and table,False,True,False,True,9086.0,4934.0,3542.0,TEST
411,3260,3475525,Correct selection of the healthier product,choices group,No label group,continuous,,98.0,,99.0,72.5,13.2,67.8,10.3,Available in abstract and table,False,True,False,True,9086.0,4934.0,3542.0,TEST
412,3260,3475525,Correct selection of the healthier product,choices group,TL+SNL group,continuous,,98.0,,95.0,72.5,13.2,65.8,7.3,Available in abstract and table,False,True,False,True,9086.0,4934.0,3542.0,TEST
413,3262,3475525,Taste perception,MTL group,No label group,continuous,,98.0,,99.0,5.6,1.4,5.8,1.4,,False,True,False,True,9086.0,4934.0,3542.0,TEST
414,3262,3475525,Taste perception,MTL+caloric intake group,No label group,continuous,,90.0,,99.0,5.4,1.4,5.8,1.4,,False,True,False,True,9086.0,4934.0,3542.0,TEST
415,3262,3475525,Taste perception,MTL group,choices group,continuous,,98.0,,98.0,5.6,1.4,5.3,1.5,,False,True,False,True,9086.0,4934.0,3542.0,TEST
416,3262,3475525,Taste perception,MTL+caloric intake group,choices group,continuous,,90.0,,98.0,5.4,1.4,5.3,1.5,,False,True,False,True,9086.0,4934.0,3542.0,TEST
417,3262,3475525,intent of purchase,MTL group,No label group,continuous,,98.0,,99.0,3.8,1.4,4.1,1.5,Used values for self.,False,True,False,True,9086.0,4934.0,3542.0,TEST
418,3262,3475525,intent of purchase,MTL+caloric intake group,No label group,continuous,,90.0,,99.0,3.6,1.5,4.1,1.5,Used values for self.,False,True,False,True,9086.0,4934.0,3542.0,TEST
419,3262,3475525,intent of purchase,MTL group,choices group,continuous,,98.0,,98.0,3.8,1.4,4.1,1.7,Used values for self.,False,True,False,True,9086.0,4934.0,3542.0,TEST
420,3262,3475525,intent of purchase,MTL+caloric intake group,choices group,continuous,,90.0,,98.0,3.6,1.5,4.1,1.7,Used values for self.,False,True,False,True,9086.0,4934.0,3542.0,TEST
421,3401,3877023,quantitative contour sharpness of the Cervicothoracic Spine,short-bore MR scanner,high-field horizontal open MR scanner,continuous,,18.0,,21.0,0.95,0.24,1.43,0.48,"Original outcome was ""quantitative contour sharpness"".",False,False,False,True,17694.0,9686.0,7100.0,TEST
422,3401,3877023,quantitative contour sharpness of the thoracolumbar spine,short-bore MR scanner,high-field horizontal open MR scanner,continuous,,30.0,,34.0,0.83,0.22,1.32,0.51,"Original outcome was ""quantitative contour sharpness"".",False,False,False,True,17694.0,9686.0,7100.0,TEST
423,3402,3877023,contrast-to-noise ratios (CNR) of Cervicothoracic Spine - T2w sagittal Cerebrospinal fluid – Spinal cord,short-bore MR scanner,high-field horizontal open MR scanner,continuous,,18.0,,21.0,18.1,11.6,9.3,5.5,,False,True,False,True,17694.0,9686.0,7100.0,TEST
424,3402,3877023,contrast-to-noise ratios (CNR) of Thoracolumbar Spine - T2w sagittal Cerebrospinal fluid – Spinal cord,short-bore MR scanner,high-field horizontal open MR scanner,continuous,,30.0,,34.0,22.3,13.2,14.0,5.6,,False,True,False,True,17694.0,9686.0,7100.0,TEST
425,3402,3877023,contrast-to-noise ratios (CNR) of Cervicothoracic Spine - T2w sagittal Cerebrospinal fluid – Vertebral bone,short-bore MR scanner,high-field horizontal open MR scanner,continuous,,18.0,,21.0,19.3,10.3,8.2,5.7,,False,True,False,True,17694.0,9686.0,7100.0,TEST
426,3402,3877023,contrast-to-noise ratios (CNR) of Thoracolumbar Spine - T2w sagittal Cerebrospinal fluid – Vertebral bone,short-bore MR scanner,high-field horizontal open MR scanner,continuous,,30.0,,34.0,24.0,12.9,11.7,6.3,,False,True,False,True,17694.0,9686.0,7100.0,TEST
427,3403,3877023,Scanning times,high-field horizontal open MR scanner,short-bore MR scanner,continuous,,49.0,,44.0,32.0,22.0,20.0,9.0,,False,False,False,True,17694.0,9686.0,7100.0,TEST
428,3404,3877023,The mean signal-to-noise (SNR) values,short-bore MR scanner,high-field horizontal open MR scanner,continuous,,44.0,,49.0,17.97,6.58,11.28,4.35,,False,False,False,True,17694.0,9686.0,7100.0,TEST
429,3261,3475525,Scores on the saturated fat quiz,MTL group,No label group,continuous,,98.0,,99.0,90.7,20.4,33.6,16.3,,False,True,False,True,9086.0,4934.0,3542.0,TEST
430,3261,3475525,Scores on the saturated fat quiz,MTL+caloric intake group,No label group,continuous,,90.0,,99.0,92.3,15.1,33.6,16.3,,False,True,False,True,9086.0,4934.0,3542.0,TEST
431,3261,3475525,Scores on the saturated fat quiz,MTL group,choices group,continuous,,98.0,,98.0,90.7,20.4,35.7,15.9,,False,True,False,True,9086.0,4934.0,3542.0,TEST
432,3261,3475525,Scores on the saturated fat quiz,MTL+caloric intake group,choices group,continuous,,90.0,,98.0,92.3,15.1,35.7,15.9,,False,True,False,True,9086.0,4934.0,3542.0,TEST
433,3261,3475525,Scores on sugar quiz,MTL group,No label group,continuous,,98.0,,99.0,90.0,20.7,47.2,19.6,,False,True,False,True,9086.0,4934.0,3542.0,TEST
434,3261,3475525,Scores on sugar quiz,MTL+caloric intake group,No label group,continuous,,90.0,,99.0,92.6,15.5,47.2,19.6,,False,True,False,True,9086.0,4934.0,3542.0,TEST
435,3261,3475525,Scores on sugar quiz,MTL group,choices group,continuous,,98.0,,98.0,90.0,20.7,41.9,19.4,,False,True,False,True,9086.0,4934.0,3542.0,TEST
436,3261,3475525,Scores on sugar quiz,MTL+caloric intake group,choices group,continuous,,90.0,,98.0,92.6,15.5,41.9,19.4,,False,True,False,True,9086.0,4934.0,3542.0,TEST
437,3261,3475525,Scores on sodium quiz,MTL group,No label group,continuous,,98.0,,99.0,93.5,16.4,42.6,20.7,,False,True,False,True,9086.0,4934.0,3542.0,TEST
438,3261,3475525,Scores on sodium quiz,MTL+caloric intake group,No label group,continuous,,90.0,,99.0,94.1,15.6,42.6,20.7,,False,True,False,True,9086.0,4934.0,3542.0,TEST
439,3261,3475525,Scores on sodium quiz,MTL group,choices group,continuous,,98.0,,98.0,93.5,16.4,47.1,21.1,,False,True,False,True,9086.0,4934.0,3542.0,TEST
440,3261,3475525,Scores on sodium quiz,MTL+caloric intake group,choices group,continuous,,90.0,,98.0,94.1,15.6,47.1,21.1,,False,True,False,True,9086.0,4934.0,3542.0,TEST
441,8803,4467620,decrease in exercise intensity as time elapsed (at time 10),Hot + Cooling conditions,Hot conditions,continuous,,8.0,,8.0,114.6,35.6,123.9,30.2,Added the last timepoint to the outcome name. Since there are 10 different time points.,False,True,False,True,7288.0,4607.0,3858.0,TEST
442,8804,4467620,weight reduction,Hot + Cooling conditions,Hot conditions,continuous,,8.0,,8.0,68.6,7.7,68.8,7.5,The numerical values are from Exercise state.,False,True,False,True,7288.0,4607.0,3858.0,TEST
443,8805,4467620,accuracy of the cognitive tasks,Exercise - Hot + Cooling conditions,At rest - Hot + Cooling conditions,continuous,,8.0,,8.0,,,,,In figure however uninterpretable. Bar chart is divided weirdly.,True,False,False,False,7288.0,4607.0,3858.0,TEST
444,8801,4467620,accuracy of the cognitive tasks,Exercise - Hot condition,At rest - Hot condition,continuous,,8.0,,8.0,,,,,In figure however uninterpretable. Bar chart is divided weirdly.,True,False,False,False,7288.0,4607.0,3858.0,TEST
445,8802,4467620,differences in the accuracy,Hot + Cooling conditions,Hot conditions,continuous,,8.0,,8.0,,,,,Cannot find this data,True,False,False,False,7288.0,4607.0,3858.0,TEST
446,4098,4140238,ocular itching for visit 3B at 7 min,bepotastine besilate ophthalmic solution (BBOS) 1.5%,placebo,continuous,,70.0,,70.0,1.2,,2.1,,"Original outcome name is ""ocular itching"". However, due to many different visits and data from timepoints. We specified this in the outcome. Visit 3B was the first study they conducted and 7 min is the last timepoint. No SD information was given",False,True,False,False,12685.0,6812.0,5052.0,TEST
447,4002,4879328,waist circumference,"Get Healthy, Stay Healthy' (GHSH)",no continued contact,continuous,,104.0,,114.0,-0.89,3.32,0.3,3.54,Back calculated SD using CI.,False,True,False,True,12872.0,8442.0,5640.0,TEST
448,4003,4879328,effects for walking,"Get Healthy, Stay Healthy' (GHSH)",no continued contact,continuous,,104.0,,114.0,-0.55,2.29,0.31,3.84,Back calculated SD using CI.,False,True,False,True,12872.0,8442.0,5640.0,TEST
449,4003,4879328,effects for vigorous activity,"Get Healthy, Stay Healthy' (GHSH)",no continued contact,continuous,,104.0,,114.0,0.2,1.56,-0.4,2.48,Back calculated SD using CI.,False,True,False,True,12872.0,8442.0,5640.0,TEST
450,4004,4879328,FFBQ Total Index Score,"Get Healthy, Stay Healthy' (GHSH)",no continued contact,continuous,,104.0,,114.0,0.07,0.26,0.01,0.33,Back calculated SD using CI.,False,True,False,True,12872.0,8442.0,5640.0,TEST
451,4005,4879328,weekly moderate physical activity sessions,"Get Healthy, Stay Healthy' (GHSH)",no continued contact,continuous,,104.0,,114.0,0.19,1.82,-0.68,2.32,Back calculated SD using CI.,False,True,False,True,12872.0,8442.0,5640.0,TEST
452,4006,4879328,accelerometer-assessed moderate to vigorous physical activity (MVPA),"Get Healthy, Stay Healthy' (GHSH)",no continued contact,continuous,,99.0,,108.0,7.41,66.12,-16.1,66.25,Values are from Accelerometer PA in Table 2. Back calculated SD using CI.,False,True,False,True,12872.0,8442.0,5640.0,TEST
453,4001,4879328,weight loss,"Get Healthy, Stay Healthy' (GHSH)",no continued contact,continuous,,104.0,,114.0,-0.89,3.33,0.3,3.54,Back calculated SD using CI.,False,True,False,True,12872.0,8442.0,5640.0,TEST
454,4432,5726464,Glucose,Vitamin D plus calcium supplementation,Placebo,continuous,,79.0,,86.0,,,,,Median was reported.,False,True,False,False,6563.0,4244.0,3133.0,TEST
455,4432,5726464,insulin,Vitamin D plus calcium supplementation,Placebo,continuous,,79.0,,86.0,,,,,Median was reported.,False,True,False,False,6563.0,4244.0,3133.0,TEST
456,4422,4483334,Total weight percentage of calcium,CPP-ACP plus laser (group D),Distilled and deionized water (group A),continuous,,20.0,,20.0,18.06,15.68,6.98,4.42,"Original outcome was ""Amount of calcium and phosphate on enamel surface"" but changed to ""Total weight percentage of calcium"" since this seemed more accurate.",False,True,True,True,1396.0,1236.0,1068.0,TEST
457,4423,4483334,Total weight percentage of calcium,CPP-ACP plus laser (group D),Nd:YAG laser (group B),continuous,,20.0,,20.0,18.06,15.68,9.36,5.49,"Original outcome was ""Amount of calcium and phosphate on enamel surface"" but changed to ""Total weight percentage of calcium"" since this seemed more accurate. All numerical values are in a graphical format of table.",False,True,True,True,1396.0,1236.0,1068.0,TEST
458,4424,4483334,Total weight percentage of calcium,CPP-ACP plus laser (group D),CPP-ACP crème (group C),continuous,,20.0,,20.0,18.06,15.68,13.17,7.1,"Original outcome was ""Amount of calcium and phosphate on enamel surface"" but changed to ""Total weight percentage of calcium"" since this seemed more accurate. All numerical values are in a graphical format of table.",False,True,True,True,1396.0,1236.0,1068.0,TEST
459,4425,4483334,Total weight percentage of phosphate,CPP-ACP plus laser (group D),Distilled and deionized water (group A),continuous,,20.0,,20.0,12.68,10.5,6.99,3.37,All numerical values are in a graphical format of table.,False,True,True,True,1396.0,1236.0,1068.0,TEST
460,4425,4483334,Total weight percentage of phosphate,CPP-ACP plus laser (group D),Nd:YAG laser (group B),continuous,,20.0,,20.0,12.68,10.5,8.19,3.3,All numerical values are in a graphical format of table.,False,True,True,True,1396.0,1236.0,1068.0,TEST
461,4425,4483334,Total weight percentage of phosphate,CPP-ACP plus laser (group D),CPP-ACP crème (group C),continuous,,20.0,,20.0,12.68,10.5,10.12,2.72,All numerical values are in a graphical format of table.,False,True,True,True,1396.0,1236.0,1068.0,TEST
462,4430,5726464,25(OH)D levels,Vitamin D plus calcium supplementation,Placebo,continuous,,79.0,,86.0,,,,,Median was reported.,False,True,False,False,6563.0,4244.0,3133.0,TEST
463,4431,5726464,Lipid profile: total cholesterol,Vitamin D plus calcium supplementation,Placebo,continuous,,79.0,,86.0,,,,,Median was reported.,False,True,False,False,6563.0,4244.0,3133.0,TEST
464,4431,5726464,Lipid profile: HDL-c,Vitamin D plus calcium supplementation,Placebo,continuous,,79.0,,86.0,,,,,Median was reported.,False,True,False,False,6563.0,4244.0,3133.0,TEST
465,4431,5726464,Lipid profile: LDL-c,Vitamin D plus calcium supplementation,Placebo,continuous,,79.0,,86.0,,,,,Median was reported.,False,True,False,False,6563.0,4244.0,3133.0,TEST
466,4431,5726464,Lipid profile: Triglycerides,Vitamin D plus calcium supplementation,Placebo,continuous,,79.0,,86.0,,,,,Median was reported.,False,True,False,False,6563.0,4244.0,3133.0,TEST
467,4433,5726464,Changes in body mass index,Vitamin D plus calcium supplementation,Placebo,continuous,,79.0,,86.0,,,,,Median was reported.,False,True,False,False,6563.0,4244.0,3133.0,TEST
468,4434,5726464,Metabolic syndrome,Vitamin D plus calcium supplementation,Placebo,binary,9.0,66.0,11.0,75.0,,,,,,False,True,False,True,6563.0,4244.0,3133.0,TEST
469,4802,5515881,memory score,demanding balance training program,relaxation group,continuous,,19.0,,21.0,9.44,5.48,8.0,4.16,Group sizes are in methods section only. Numerical values are from posttest.,True,True,False,True,4475.0,3500.0,2868.0,TEST
470,4799,5515881,dynamic balance performance on the stability platform,demanding balance training program,relaxation group,continuous,,19.0,,21.0,7.54,2.57,6.29,1.84,Group sizes are in methods section only. Numerical values are from posttest.,True,True,False,True,4475.0,3500.0,2868.0,TEST
471,4800,5515881,center of pressure (CoP) sway velocity,demanding balance training program,relaxation group,continuous,,19.0,,21.0,0.63,0.11,0.67,0.18,Group sizes are in methods section only. Numerical values are from posttest.,True,True,False,True,4475.0,3500.0,2868.0,TEST
472,4803,5515881,spatial score,demanding balance training program,relaxation group,continuous,,19.0,,21.0,0.443,0.75,0.04,0.91,Group sizes are in methods section only. Numerical values are from posttest.,True,True,False,True,4475.0,3500.0,2868.0,TEST
473,5710,3343759,improvment in ANELT by day 21,higher level of education (>12 years),<12 years of education,continuous,,41.0,,82.0,,,,,Median is reported. Group sizes are only available in methods section. Odd ICO group sizes ambigous,False,True,False,False,3838.0,2633.0,2065.0,TEST
474,5711,3343759,aphasia types,very early speech and language therapy (SLT),control,binary,,59.0,,55.0,,,,,Numerical data is in figure and group sizes are not available in abstract or results sections. Outcome is lumped together,True,False,False,False,3838.0,2633.0,2065.0,TEST
475,5522,4144850,Independent household latrines number,Total Sanitation Campaign,Control,binary,673.0,1.525,366.0,1.514,,,,,Used percent to calculate outcomes for binary variables.,False,True,False,True,24614.0,13328.0,9179.0,TEST
476,5523,4144850,Open defecation - adult men,Total Sanitation Campaign,Control,binary,1138.0,1.525,1273.0,1.514,,,,,Used percent to calculate outcomes for binary variables.,False,True,False,True,24614.0,13328.0,9179.0,TEST
477,5523,4144850,Open defecation - adult women,Total Sanitation Campaign,Control,binary,1116.0,1.525,1264.0,1.514,,,,,Used percent to calculate outcomes for binary variables.,False,True,False,True,24614.0,13328.0,9179.0,TEST
478,5523,4144850,Open defecation - children,Total Sanitation Campaign,Control,binary,1279.0,1.525,1350.0,1.514,,,,,Used percent to calculate outcomes for binary variables.,False,True,False,True,24614.0,13328.0,9179.0,TEST
479,5525,4144850,Helminth infections,Total Sanitation Campaign,Control,binary,34.0,581.0,32.0,569.0,,,,,Used percent to calculate outcomes for binary variables.,False,True,False,True,24614.0,13328.0,9179.0,TEST
480,5526,4144850,Anemia,Total Sanitation Campaign,Control,binary,1.078,1.919,976.0,1.922,,,,,Used percent to calculate outcomes for binary variables.,False,True,False,True,24614.0,13328.0,9179.0,TEST
481,4801,5515881,VO2peak,demanding balance training program,relaxation group,continuous,,19.0,,21.0,32.07,6.52,31.947,7.89,Group sizes are in methods section only. Numerical values are from posttest.,True,True,False,True,4475.0,3500.0,2868.0,TEST
482,5521,4144850,Sanitation facility improvement,Total Sanitation Campaign,Control,binary,630.0,1.522,342.0,1.512,,,,,Used percent to calculate outcomes for binary variables.,False,True,False,True,24614.0,13328.0,9179.0,TEST
483,5524,4144850,E. coli contaminated water,Total Sanitation Campaign,Control,binary,310.0,404.0,331.0,403.0,,,,,Used percent to calculate outcomes for binary variables.,False,True,False,True,24614.0,13328.0,9179.0,TEST
484,5712,3343759,Amsterdam-Nijmegen everyday language test (ANELT),very early speech and language therapy (SLT),control,continuous,,59.0,,55.0,,,,,"Median values are reported. Group size is based on ANELT by day 21, intent-to-treat.",False,True,False,False,3838.0,2633.0,2065.0,TEST
485,5713,3343759,history of myocardial infarction,very early speech and language therapy (SLT),control,binary,14.0,62.0,3.0,61.0,,,,,Numerical data are only in methods section.,False,True,False,True,3838.0,2633.0,2065.0,TEST
486,5714,3343759,communication ability,very early speech and language therapy (SLT),control,continuous,,,,,,,,,Unclear outcome.,False,False,False,False,3838.0,2633.0,2065.0,TEST
487,6382,3786549,Improvement in Vaginal Maturation Index,Vaginal estriol plus viable Lactobacillus acidophilus KS400,Placebo,continuous,,44.0,,44.0,35.2,21.7,9.9,14.5,Numerical values based on intention-to-treat,False,True,False,True,9725.0,6231.0,4323.0,TEST
488,6383,3786549,Baseline characteristics: menopause,Vaginal estriol plus viable Lactobacillus acidophilus KS400,Placebo,continuous,,44.0,,44.0,13.11,7.02,13.0,6.94,,False,True,False,True,9725.0,6231.0,4323.0,TEST
489,6383,3786549,Baseline characteristics: height,Vaginal estriol plus viable Lactobacillus acidophilus KS400,Placebo,continuous,,44.0,,44.0,154.86,5.45,153.43,5.88,,False,True,False,True,9725.0,6231.0,4323.0,TEST
490,6383,3786549,Baseline characteristics: weight,Vaginal estriol plus viable Lactobacillus acidophilus KS400,Placebo,continuous,,44.0,,44.0,56.16,8.1,57.82,8.24,,False,True,False,True,9725.0,6231.0,4323.0,TEST
491,6383,3786549,Baseline characteristics: deliveries,Vaginal estriol plus viable Lactobacillus acidophilus KS400,Placebo,continuous,,44.0,,44.0,2.14,1.76,2.64,1.79,,False,True,False,True,9725.0,6231.0,4323.0,TEST
492,6484,5419060,Sample rejection rate: CHC A,Phlebotomy training programme,Control,binary,79.0,10218.0,60.0,7557.0,,,,,,False,True,False,True,9292.0,5719.0,4155.0,TEST
493,6484,5419060,Sample rejection rate: CHC B,Phlebotomy training programme,Control,binary,48.0,4114.0,45.0,3973.0,,,,,,False,True,False,True,9292.0,5719.0,4155.0,TEST
494,6484,5419060,Sample rejection rate: CDC C,Phlebotomy training programme,Control,binary,37.0,2279.0,38.0,2321.0,,,,,,False,True,False,True,9292.0,5719.0,4155.0,TEST
495,6484,5419060,Sample rejection rate: CDC D,Phlebotomy training programme,Control,binary,7.0,630.0,8.0,589.0,,,,,,False,True,False,True,9292.0,5719.0,4155.0,TEST
496,6488,5419060,Request-form errors: CHC A,Phlebotomy training programme,Control,binary,8.0,10218.0,11.0,7557.0,,,,,,False,True,False,True,9292.0,5719.0,4155.0,TEST
497,6488,5419060,Request-form errors: CHC B,Phlebotomy training programme,Control,binary,12.0,4114.0,11.0,3973.0,,,,,,False,True,False,True,9292.0,5719.0,4155.0,TEST
498,6488,5419060,Request-form errors: CDC C,Phlebotomy training programme,Control,binary,6.0,2279.0,3.0,2321.0,,,,,,False,True,False,True,9292.0,5719.0,4155.0,TEST
499,6488,5419060,Request-form errors: CDC D,Phlebotomy training programme,Control,binary,0.0,630.0,0.0,589.0,,,,,,False,True,False,True,9292.0,5719.0,4155.0,TEST
500,6489,5419060,Preanalytical errors: CHC A,Phlebotomy training programme,Control,binary,27.0,10218.0,17.0,7557.0,,,,,,False,True,False,True,9292.0,5719.0,4155.0,TEST
501,6489,5419060,Preanalytical errors: CHC B,Phlebotomy training programme,Control,binary,12.0,4114.0,10.0,3973.0,,,,,,False,True,False,True,9292.0,5719.0,4155.0,TEST
502,6489,5419060,Preanalytical errors: CDC C,Phlebotomy training programme,Control,binary,10.0,2279.0,15.0,2321.0,,,,,,False,True,False,True,9292.0,5719.0,4155.0,TEST
503,6489,5419060,Preanalytical errors: CDC D,Phlebotomy training programme,Control,binary,2.0,630.0,4.0,589.0,,,,,,False,True,False,True,9292.0,5719.0,4155.0,TEST
504,6485,5419060,Phlebotomy questionnaire score: CHC A,Phlebotomy training programme,Control,continuous,,23.0,,23.0,96.0,3.89,63.0,12.31,Back calculated SD using CI,False,False,False,True,9292.0,5719.0,4155.0,TEST
505,6485,5419060,Phlebotomy questionnaire score: CHC B,Phlebotomy training programme,Control,continuous,,23.0,,23.0,93.0,1.37,58.0,7.12,Back calculated SD using CI,False,False,False,True,9292.0,5719.0,4155.0,TEST
506,6485,5419060,Phlebotomy questionnaire score: CDC C,Phlebotomy training programme,Control,continuous,,23.0,,23.0,97.0,3.85,60.0,5.25,Back calculated SD using CI,False,False,False,True,9292.0,5719.0,4155.0,TEST
507,6485,5419060,Phlebotomy questionnaire score: CDC D,Phlebotomy training programme,Control,continuous,,23.0,,23.0,97.0,1.21,63.0,4.31,Back calculated SD using CI,False,False,False,True,9292.0,5719.0,4155.0,TEST
508,6486,5419060,Techinque related rejections: CHC A,Phlebotomy training programme,Control,binary,20.0,10218.0,20.0,7557.0,,,,,,False,True,False,True,9292.0,5719.0,4155.0,TEST
509,6486,5419060,Techinque related rejections: CHC B,Phlebotomy training programme,Control,binary,15.0,4114.0,8.0,3973.0,,,,,,False,True,False,True,9292.0,5719.0,4155.0,TEST
510,6486,5419060,Techinque related rejections: CDC C,Phlebotomy training programme,Control,binary,18.0,2279.0,15.0,2321.0,,,,,,False,True,False,True,9292.0,5719.0,4155.0,TEST
511,6486,5419060,Techinque related rejections: CDC D,Phlebotomy training programme,Control,binary,2.0,630.0,4.0,589.0,,,,,,False,True,False,True,9292.0,5719.0,4155.0,TEST
512,6550,4033571,Overall seizure median percent improvement,Extended-release oxcarbazepine 2400 mg,Control,continuous,,111.0,,117.0,-42.9,,-28.7,,SD was not given,False,False,False,False,8206.0,5593.0,4514.0,TEST
513,6553,4033571,Adverse effects,Extended-release oxcarbazepine 1200 mg,Control,binary,69.0,123.0,67.0,122.0,,,,,,False,True,False,True,8206.0,5593.0,4514.0,TEST
514,6549,4033571,Overall seizure median percent reduction,Extended-release oxcarbazepine 1200 mg,Control,continuous,,109.0,,117.0,-38.3,,-28.7,,SD was not given,False,False,False,False,8206.0,5593.0,4514.0,TEST
515,6551,4033571,Seizure median percent improvement in North America,Extended-release oxcarbazepine 1200 mg,Control,continuous,,40.0,,41.0,-34.5,,-13.3,,"Group sizes are only in figure, and SD is not available.",True,False,False,False,8206.0,5593.0,4514.0,TEST
516,6552,4033571,Seizure median percent improvement in North America,Extended-release oxcarbazepine 2400 mg,Control,continuous,,35.0,,41.0,-52.7,,-13.3,,"Group sizes are only in figure, and SD is not available.",True,False,False,False,8206.0,5593.0,4514.0,TEST
517,6554,4033571,Adverse effects,Extended-release oxcarbazepine 2400 mg,Control,binary,85.0,123.0,67.0,121.0,,,,,,False,True,False,True,8206.0,5593.0,4514.0,TEST
518,6695,5154016,24 h drainage volume,Stypro hemostatic sponge,Gelatin sponge,continuous,,30.0,,32.0,187.9,82.0,230.8,75.0,,False,True,False,True,3046.0,2156.0,1642.0,TEST
519,6699,5154016,Second 24 h drainage volume,Stypro hemostatic sponge,Gelatin sponge,continuous,,30.0,,30.0,53.7,3.8,63.5,14.2,,False,True,False,True,3046.0,2156.0,1642.0,TEST
520,6700,5154016,Second 24 h drainage volume,Collagen hemostatic sponge,Gelatin sponge,continuous,,30.0,,30.0,63.3,8.9,63.5,14.2,,False,True,False,True,3046.0,2156.0,1642.0,TEST
521,6696,5154016,24 h drainage volume,Collagen hemostatic sponge,Gelatin sponge,continuous,,30.0,,30.0,185.2,68.0,230.8,75.0,,False,True,False,True,3046.0,2156.0,1642.0,TEST
522,6697,5154016,Total drainage volume,Stypro hemostatic sponge,Gelatin sponge,continuous,,30.0,,30.0,231.5,18.1,318.5,26.7,,False,True,False,True,3046.0,2156.0,1642.0,TEST
523,6698,5154016,Total drainage volume,Collagen hemostatic sponge,Gelatin sponge,continuous,,30.0,,30.0,248.5,18.8,318.5,26.7,,False,True,False,True,3046.0,2156.0,1642.0,TEST
524,6741,5325897,First test results,Evaluation with feedback,Evaluation without feedback,continuous,,15.0,,15.0,10.24,0.77,9.73,0.77,,False,False,False,True,4260.0,2410.0,1703.0,TEST
525,6741,5325897,Second test results,Evaluation with feedback,Evaluation without feedback,continuous,,15.0,,15.0,17.73,0.46,12.13,0.47,,False,False,False,True,4260.0,2410.0,1703.0,TEST
526,6742,5325897,Final test results,Evaluation with feedback,Evaluation without feedback,continuous,,15.0,,15.0,18.53,0.22,18.99,0.22,,False,False,False,True,4260.0,2410.0,1703.0,TEST
527,6916,4411165,tympanic temperature from Pre to P20 (-0.28 ±0.11°C),"whole-body to cold (whole-body cryostimulation, WBC)","whole-body except the head (partial-body cryostimulation, PBC)",continuous,,10.0,,10.0,-0.28,0.11,-0.14,0.05,Values on mean change are based on what is reported in abstract. ,True,False,False,True,3146.0,2589.0,2336.0,TEST
528,6918,4411165,systolic BP,"whole-body to cold (whole-body cryostimulation, WBC)","whole-body except the head (partial-body cryostimulation, PBC)",continuous,,10.0,,10.0,-2.1,,-2.8,,Numerical values are only in the figures. Timepoint: day 5,True,False,False,False,3146.0,2589.0,2336.0,TEST
529,6919,4411165,diastolic BP,"whole-body to cold (whole-body cryostimulation, WBC)","whole-body except the head (partial-body cryostimulation, PBC)",continuous,,10.0,,10.0,2.6,,1.25,,Numerical values are only in the figures.,True,False,False,False,3146.0,2589.0,2336.0,TEST
530,6915,4411165,effects of cryostimulation on the ANS - heart rate,"whole-body to cold (whole-body cryostimulation, WBC)","whole-body except the head (partial-body cryostimulation, PBC)",continuous,,10.0,,10.0,-7.7,2.3,-5.02,1.07,"Changed from original outcome but adding ""- heart rate"" to make it more specific. Numbers are mean change.",True,False,False,True,3146.0,2589.0,2336.0,TEST
531,6917,4411165,Tskin of the head,"whole-body to cold (whole-body cryostimulation, WBC)","whole-body except the head (partial-body cryostimulation, PBC)",continuous,,10.0,,10.0,33.2,,33.1,,Numerical values are only in the figures.,True,False,False,False,3146.0,2589.0,2336.0,TEST
532,7830,4230312,improvement of disorder,quetiapine 600 mg/day,placebo,continuous,,289.0,,204.0,-14.88,10.54,-11.61,10.12,Back calculated SD from SE.,True,False,False,True,6201.0,5058.0,3918.0,TEST
533,7829,4230312,improvement of disorder,quetiapine 300 mg/day,placebo,continuous,,283.0,,204.0,-15.58,10.43,-11.61,10.12,Back calculated SD from SE.,True,False,False,True,6201.0,5058.0,3918.0,TEST
534,8166,5800236,Months of sick leave,Nacadia® nature-based therapy,Cognitive behavioral therapy,continuous,,37.0,,35.0,,,,,Numerical values were not given for this outcome.,True,False,False,False,4517.0,2571.0,1980.0,TEST
535,7794,3508963,Pain relief,Intravenous lidocaine,Intravenous morphine,continuous,,120.0,,120.0,1.13,1.15,2.23,1.57,Values from 30 minutes.,False,True,False,True,3561.0,2387.0,1552.0,TEST
536,7793,3508963,Response to treatment,Intravenous lidocaine,Intravenous morphine,binary,108.0,120.0,84.0,120.0,,,,,,False,False,False,True,3561.0,2387.0,1552.0,TEST
537,7795,3508963,Baseline characteristics - age,Intravenous lidocaine,Intravenous morphine,continuous,,120.0,,120.0,35.23,12.37,37.71,11.08,,False,True,False,True,3561.0,2387.0,1552.0,TEST
538,7795,3508963,Baseline characteristics - hydronephrosis in left kidney,Intravenous lidocaine,Intravenous morphine,binary,52.0,120.0,52.0,120.0,,,,,,False,True,False,True,3561.0,2387.0,1552.0,TEST
539,7795,3508963,Baseline characteristics - hydronephrosis in right kidney,Intravenous lidocaine,Intravenous morphine,binary,57.0,120.0,53.0,120.0,,,,,,False,True,False,True,3561.0,2387.0,1552.0,TEST
540,7795,3508963,Baseline characteristics - did not have hydronephrosis,Intravenous lidocaine,Intravenous morphine,binary,11.0,120.0,15.0,120.0,,,,,,False,True,False,True,3561.0,2387.0,1552.0,TEST
541,7795,3508963,Baseline characteristics - history of reurrent stone,Intravenous lidocaine,Intravenous morphine,binary,49.0,120.0,64.0,120.0,,,,,,False,True,False,True,3561.0,2387.0,1552.0,TEST
542,7795,3508963,Baseline characteristics - history of first stone,Intravenous lidocaine,Intravenous morphine,binary,70.0,120.0,56.0,120.0,,,,,,False,True,False,True,3561.0,2387.0,1552.0,TEST
543,7795,3508963,Baseline characteristics - right kidney stone,Intravenous lidocaine,Intravenous morphine,binary,60.0,120.0,57.0,120.0,,,,,,False,True,False,True,3561.0,2387.0,1552.0,TEST
544,7795,3508963,Baseline characteristics - left kidney stone,Intravenous lidocaine,Intravenous morphine,binary,60.0,120.0,63.0,120.0,,,,,,False,True,False,True,3561.0,2387.0,1552.0,TEST
545,7792,3508963,Pain score after 5 minutes,Intravenous lidocaine,Intravenous morphine,continuous,,120.0,,120.0,3.18,2.27,4.45,2.16,,False,True,False,True,3561.0,2387.0,1552.0,TEST
546,8460,3263860,HbA1c reduction,Real-Time Continuous Glucose Monitoring,Control,continuous,,69.0,,68.0,-0.1,0.6,-0.1,0.6,Mean change,False,True,True,True,3178.0,2587.0,2232.0,TEST
547,8461,3263860,Severe hypoglycemia,Real-Time Continuous Glucose Monitoring,Control,binary,3.0,73.0,5.0,71.0,,,,,,False,True,True,True,3178.0,2587.0,2232.0,TEST
548,8463,3263860,Serious skin reactions,Real-Time Continuous Glucose Monitoring,Control,binary,0.0,69.0,0.0,68.0,,,,,Unclear group sizes. Used the group size for 26-week visit.,False,False,True,True,3178.0,2587.0,2232.0,TEST
549,8462,3263860,Diabetic ketoacidosis,Real-Time Continuous Glucose Monitoring,Control,binary,0.0,69.0,0.0,68.0,,,,,Unclear group sizes. Used the group size for 26-week visit.,False,False,True,True,3178.0,2587.0,2232.0,TEST
550,8464,3263860,PAID questionnaire fear of hypoglycemia,Real-Time Continuous Glucose Monitoring,Control,continuous,,69.0,,68.0,,,,,Numerical values in Table which is a graphic,False,True,True,False,3178.0,2587.0,2232.0,TEST
551,9719,3648394,LF:HF component of HRV,10-week yoga program,Control,continuous,,18.0,,19.0,0.35,0.43,0.04,0.38,Numerical values are from Week 11.,False,True,False,True,9556.0,6245.0,4261.0,TEST
552,9724,3648394,Push-up test,10-week yoga program,Control,continuous,,18.0,,19.0,21.0,11.0,20.0,13.0,Numerical values are from Week 11.,False,True,False,True,9556.0,6245.0,4261.0,TEST
553,9725,3648394,Quality of life - PCS (SF36),10-week yoga program,Control,continuous,,18.0,,19.0,47.5,2.7,46.9,4.8,"Original outcome was just ""Quality of Life"". Numerical values are from Week 11.",False,True,False,True,9556.0,6245.0,4261.0,TEST
554,9725,3648394,Quality of life - MCS (SF36),10-week yoga program,Control,continuous,,18.0,,19.0,47.5,10.6,48.5,7.7,"Original outcome was just ""Quality of Life"". Numerical values are from Week 11.",False,True,False,True,9556.0,6245.0,4261.0,TEST
555,9720,3648394,pNN50,10-week yoga program,Control,continuous,,18.0,,19.0,20.7,25.3,19.4,18.4,Numerical values are from Week 11.,False,True,False,True,9556.0,6245.0,4261.0,TEST
556,9721,3648394,Flexibility,10-week yoga program,Control,continuous,,18.0,,19.0,31.0,8.7,26.4,10.4,Numerical values are from Week 11 data for sit and reach test.,False,True,False,True,9556.0,6245.0,4261.0,TEST
557,9828,3136370,Fibromyalgia Impact Questionnaire scores,Soy shake,Control,continuous,,12.0,,16.0,-17.1,68.08,-19.57,93.53,From per protocol,False,True,False,True,6022.0,3786.0,2937.0,TEST
558,9830,3136370,Fibromyalgia Impact Questionnaire scores,Soy shake,Casein shake (Placebo),continuous,,12.0,,16.0,-17.1,68.08,-19.57,93.53,From per protocol,False,True,False,True,6022.0,3786.0,2937.0,TEST
559,9831,3136370,Center for Epidemiologic Studies Depression Scale score,Soy shake,Control,continuous,,12.0,,16.0,-4.0,12.35,-8.0,65.41,From per protocol,False,True,False,True,6022.0,3786.0,2937.0,TEST
560,9833,3136370,Center for Epidemiologic Studies Depression Scale score,Soy shake,Casein shake (Placebo),continuous,,12.0,,16.0,-4.0,12.35,-8.0,65.41,From per protocol,False,True,False,True,6022.0,3786.0,2937.0,TEST
561,9834,3496170,Learned irrelevance index,Biperiden,Placebo,continuous,,15.0,,15.0,0.19,,0.2,,numerical data in figure.,True,False,True,False,2318.0,1990.0,1731.0,TEST
562,9835,3496170,P3a amplitude,Biperiden,Placebo,continuous,,15.0,,15.0,,,,,No numerical values are given.,True,False,True,False,2318.0,1990.0,1731.0,TEST
563,9836,3496170,P3a latency,Biperiden,Placebo,continuous,,15.0,,15.0,,,,,No numerical values are given.,True,False,True,False,2318.0,1990.0,1731.0,TEST
564,9837,3496170,Self-report questionnaire,Biperiden,Placebo,continuous,,15.0,,15.0,,,,,No numerical values are given.,False,False,True,False,2318.0,1990.0,1731.0,TEST
565,9838,3496170,N1 latency,Biperiden,Placebo,continuous,,15.0,,15.0,,,,,No numerical values are given.,True,False,True,False,2318.0,1990.0,1731.0,TEST
566,9839,3496170,N1 amplitude,Biperiden,Placebo,continuous,,15.0,,15.0,,,,,numerical data in figure. Complex outcome not quite sure if possible to convert to our format,True,False,True,False,2318.0,1990.0,1731.0,TEST
567,8560,5541727,Tibial bone expansion,Allogeneic mesenchymal precursor cells,Control,continuous,,11.0,,6.0,-0.7,1.5,1.0,1.1,"Values are from ""total tibial plateau"" for 24 months",False,True,False,True,6118.0,5345.0,4032.0,TEST
568,8555,5541727,Treatment-related serious adverse events,Allogeneic mesenchymal precursor cells,Control,binary,0.0,11.0,0.0,6.0,,,,,,False,False,False,True,6118.0,5345.0,4032.0,TEST
569,8557,5541727,Activities of daily living,Allogeneic mesenchymal precursor cells,Control,continuous,,11.0,,6.0,,,,,No post intervention values,True,False,False,False,6118.0,5345.0,4032.0,TEST
570,8558,5541727,Symptoms,Allogeneic mesenchymal precursor cells,Control,continuous,,11.0,,6.0,,,,,No post intervention values,True,False,False,False,6118.0,5345.0,4032.0,TEST
571,8559,5541727,SF-36 bodily pain score,Allogeneic mesenchymal precursor cells,Control,continuous,,11.0,,6.0,,,,,No post intervention values,True,False,False,False,6118.0,5345.0,4032.0,TEST
572,8561,5541727,medial tibial cartilage volume loss,Allogeneic mesenchymal precursor cells,Control,continuous,,11.0,,6.0,-1.4,4.2,-3.3,5.3,Values are from 24 months,False,True,False,True,6118.0,5345.0,4032.0,TEST
573,8561,5541727,lateral tibial cartilage volume loss,Allogeneic mesenchymal precursor cells,Control,continuous,,11.0,,6.0,-3.7,3.4,-0.8,3.5,Values are from 24 months,False,True,False,True,6118.0,5345.0,4032.0,TEST
574,8565,2952311,Verbal rating scale pain intensity,Acupressure at distal points,Control,continuous,,11.0,,11.0,1.0,,1.6,,3912320,True,False,False,False,3603.0,2475.0,2143.0,TEST
575,8562,2952311,Verbal rating scale pain intensity,Acupressure at local points,Control,continuous,,11.0,,11.0,1.4,,1.6,,Numerical values in figure. Choose latest timepoint: 1 day,True,False,False,False,3603.0,2475.0,2143.0,TEST
576,8563,2952311,State-Trait Anxiety Inventory-I,Acupressure at local points,Control,continuous,,11.0,,11.0,41.0,,40.0,,Numerical values in figure. Choose latest timepoint: 1 day,True,False,False,False,3603.0,2475.0,2143.0,TEST
577,8567,2952311,Salivary alpha-amylase,Acupressure at distal points,Acupressure at local points,continuous,,11.0,,11.0,,,,,No post-treatment values,True,False,False,False,3603.0,2475.0,2143.0,TEST
578,8564,2952311,Muscle hardness,Acupressure at local points,Control,continuous,,11.0,,11.0,55.0,,57.0,,Numerical values in figure. Mean change in muscle hardness,True,False,False,False,3603.0,2475.0,2143.0,TEST
579,8566,2952311,State-Trait Anxiety Inventory-I,Acupressure at distal points,Control,continuous,,11.0,,11.0,42.5,,40.0,,Numerical values in figure.,True,False,False,False,3603.0,2475.0,2143.0,TEST
580,10217,3504298,Anxious symptoms,Face-based attentional bias modification,Placebo,continuous,,16.0,,14.0,,,,,"F-values given, cant use for point estimates, and values in figure",True,False,False,False,4963.0,4205.0,3331.0,TEST
581,11584,115849,Discontinuation due to lack of efficacy,etoricoxib 90 mg once daily,naproxen 500 mg twice daily,continuous,,353.0,,181.0,,,,,"found in table 2, but differences given rather than raw values. Also ranges provided rather than STD, cannot calculate",False,True,False,False,6464.0,5362.0,4091.0,TEST
582,10219,3504298,Attentional Function,Word-based attentional bias modification,Face-based attentional bias modification,continuous,,16.0,,16.0,,,,,"F-values given, cant use for point estimates, and values in figure",True,False,False,False,4963.0,4205.0,3331.0,TEST
583,10218,3504298,Difference of cortisol on waking and the highest level of following samples,Word-based attentional bias modification,Placebo,continuous,,16.0,,15.0,,,,,"F-values given, cant use for point estimates, and values in figure",True,False,False,False,4963.0,4205.0,3331.0,TEST
584,10215,3504298,Depressive symptoms,Face-based attentional bias modification,Placebo,continuous,,16.0,,14.0,,,,,"F-values given, cant use for point estimates",False,False,False,False,4963.0,4205.0,3331.0,TEST
585,10216,3504298,Depressive symptoms,Word-based attentional bias modification,Placebo,continuous,,16.0,,15.0,,,,,"F-values given, cant use for point estimates",False,False,False,False,4963.0,4205.0,3331.0,TEST
586,11522,547916,matrix metalloproteinase-9 (MMP-9),doxycycline (100 mg),placebo,continuous,,10.0,,4.0,2.18,1.94,3.26,3.58,found in abstract,False,False,False,True,4542.0,3636.0,2822.0,TEST
587,11581,115849,patients discontinued due to lack of efficacy,etoricoxib 90 mg once daily,placebo,binary,44.0,353.0,90.0,357.0,,,,,found in fig 1,True,False,False,True,6464.0,5362.0,4091.0,TEST
588,11581,115849,patients discontinued due to lack of efficacy,naproxen 500 mg twice daily,placebo,binary,19.0,181.0,90.0,357.0,,,,,found in fig 1,True,False,False,True,6464.0,5362.0,4091.0,TEST
589,11583,115849,Patient global assessment of disease activity,etoricoxib 90 mg once daily,placebo,continuous,,353.0,,357.0,,,,,"found in table 2, but differences given rather than raw values. Also ranges provided rather than STD, cannot calculate",False,True,False,False,6464.0,5362.0,4091.0,TEST
590,11583,115849,investigator global assessment of disease activity,etoricoxib 90 mg once daily,placebo,continuous,,353.0,,357.0,,,,,"found in table 2, but differences given rather than raw values. Also ranges provided rather than STD, cannot calculate",False,True,False,False,6464.0,5362.0,4091.0,TEST
591,11583,115849,Tender joint count,etoricoxib 90 mg once daily,placebo,continuous,,353.0,,357.0,,,,,"found in table 2, but differences given rather than raw values. Also ranges provided rather than STD, cannot calculate",False,True,False,False,6464.0,5362.0,4091.0,TEST
592,11583,115849,Swollen joint count,etoricoxib 90 mg once daily,placebo,continuous,,353.0,,357.0,,,,,"found in table 2, but differences given rather than raw values. Also ranges provided rather than STD, cannot calculate",False,True,False,False,6464.0,5362.0,4091.0,TEST
593,11583,115849,Patient global assessment of pain,etoricoxib 90 mg once daily,placebo,continuous,,353.0,,357.0,,,,,"found in table 2, but differences given rather than raw values. Also ranges provided rather than STD, cannot calculate",False,True,False,False,6464.0,5362.0,4091.0,TEST
594,11583,115849,Health Assessment Questionnaire disability,etoricoxib 90 mg once daily,placebo,continuous,,353.0,,357.0,,,,,"found in table 2, but differences given rather than raw values. Also ranges provided rather than STD, cannot calculate",False,True,False,False,6464.0,5362.0,4091.0,TEST
595,11583,115849,Serum C-reactive protein,etoricoxib 90 mg once daily,placebo,continuous,,353.0,,357.0,,,,,"found in table 2, but differences given rather than raw values. Also ranges provided rather than STD, cannot calculate",False,True,False,False,6464.0,5362.0,4091.0,TEST
596,11583,115849,ACR20 responder criteria,etoricoxib 90 mg once daily,placebo,continuous,,353.0,,357.0,,,,,"found in table 2, but differences given rather than raw values. Also ranges provided rather than STD, cannot calculate",False,True,False,False,6464.0,5362.0,4091.0,TEST
597,11583,115849,Discontinuation due to lack of efficacy,etoricoxib 90 mg once daily,placebo,continuous,,353.0,,357.0,,,,,"found in table 2, but differences given rather than raw values. Also ranges provided rather than STD, cannot calculate",False,True,False,False,6464.0,5362.0,4091.0,TEST
598,11583,115849,Patient global assessment of disease activity,naproxen 500 mg twice daily,placebo,continuous,,181.0,,357.0,,,,,"found in table 2, but differences given rather than raw values. Also ranges provided rather than STD, cannot calculate",False,True,False,False,6464.0,5362.0,4091.0,TEST
599,11583,115849,investigator global assessment of disease activity,naproxen 500 mg twice daily,placebo,continuous,,181.0,,357.0,,,,,"found in table 2, but differences given rather than raw values. Also ranges provided rather than STD, cannot calculate",False,True,False,False,6464.0,5362.0,4091.0,TEST
600,11583,115849,Tender joint count,naproxen 500 mg twice daily,placebo,continuous,,181.0,,357.0,,,,,"found in table 2, but differences given rather than raw values. Also ranges provided rather than STD, cannot calculate",False,True,False,False,6464.0,5362.0,4091.0,TEST
601,11583,115849,Swollen joint count,naproxen 500 mg twice daily,placebo,continuous,,181.0,,357.0,,,,,"found in table 2, but differences given rather than raw values. Also ranges provided rather than STD, cannot calculate",False,True,False,False,6464.0,5362.0,4091.0,TEST
602,11583,115849,Patient global assessment of pain,naproxen 500 mg twice daily,placebo,continuous,,181.0,,357.0,,,,,"found in table 2, but differences given rather than raw values. Also ranges provided rather than STD, cannot calculate",False,True,False,False,6464.0,5362.0,4091.0,TEST
603,11583,115849,Health Assessment Questionnaire disability,naproxen 500 mg twice daily,placebo,continuous,,181.0,,357.0,,,,,"found in table 2, but differences given rather than raw values. Also ranges provided rather than STD, cannot calculate",False,True,False,False,6464.0,5362.0,4091.0,TEST
604,11583,115849,Serum C-reactive protein,naproxen 500 mg twice daily,placebo,continuous,,181.0,,357.0,,,,,"found in table 2, but differences given rather than raw values. Also ranges provided rather than STD, cannot calculate",False,True,False,False,6464.0,5362.0,4091.0,TEST
605,11583,115849,ACR20 responder criteria,naproxen 500 mg twice daily,placebo,continuous,,181.0,,357.0,,,,,"found in table 2, but differences given rather than raw values. Also ranges provided rather than STD, cannot calculate",False,True,False,False,6464.0,5362.0,4091.0,TEST
606,11583,115849,Discontinuation due to lack of efficacy,naproxen 500 mg twice daily,placebo,continuous,,181.0,,357.0,,,,,"found in table 2, but differences given rather than raw values. Also ranges provided rather than STD, cannot calculate",False,True,False,False,6464.0,5362.0,4091.0,TEST
607,11584,115849,Patient global assessment of disease activity,etoricoxib 90 mg once daily,naproxen 500 mg twice daily,continuous,,353.0,,181.0,,,,,"found in table 2, but differences given rather than raw values. Also ranges provided rather than STD, cannot calculate",False,True,False,False,6464.0,5362.0,4091.0,TEST
608,11584,115849,investigator global assessment of disease activity,etoricoxib 90 mg once daily,naproxen 500 mg twice daily,continuous,,353.0,,181.0,,,,,"found in table 2, but differences given rather than raw values. Also ranges provided rather than STD, cannot calculate",False,True,False,False,6464.0,5362.0,4091.0,TEST
609,11584,115849,Tender joint count,etoricoxib 90 mg once daily,naproxen 500 mg twice daily,continuous,,353.0,,181.0,,,,,"found in table 2, but differences given rather than raw values. Also ranges provided rather than STD, cannot calculate",False,True,False,False,6464.0,5362.0,4091.0,TEST
610,11584,115849,Swollen joint count,etoricoxib 90 mg once daily,naproxen 500 mg twice daily,continuous,,353.0,,181.0,,,,,"found in table 2, but differences given rather than raw values. Also ranges provided rather than STD, cannot calculate",False,True,False,False,6464.0,5362.0,4091.0,TEST
611,11584,115849,Patient global assessment of pain,etoricoxib 90 mg once daily,naproxen 500 mg twice daily,continuous,,353.0,,181.0,,,,,"found in table 2, but differences given rather than raw values. Also ranges provided rather than STD, cannot calculate",False,True,False,False,6464.0,5362.0,4091.0,TEST
612,11584,115849,Health Assessment Questionnaire disability,etoricoxib 90 mg once daily,naproxen 500 mg twice daily,continuous,,353.0,,181.0,,,,,"found in table 2, but differences given rather than raw values. Also ranges provided rather than STD, cannot calculate",False,True,False,False,6464.0,5362.0,4091.0,TEST
613,11584,115849,Serum C-reactive protein,etoricoxib 90 mg once daily,naproxen 500 mg twice daily,continuous,,353.0,,181.0,,,,,"found in table 2, but differences given rather than raw values. Also ranges provided rather than STD, cannot calculate",False,True,False,False,6464.0,5362.0,4091.0,TEST
614,11584,115849,ACR20 responder criteria,etoricoxib 90 mg once daily,naproxen 500 mg twice daily,continuous,,353.0,,181.0,,,,,"found in table 2, but differences given rather than raw values. Also ranges provided rather than STD, cannot calculate",False,True,False,False,6464.0,5362.0,4091.0,TEST
615,11602,1863515,haemoglobin level between 26 and 35 wk,Zidovudine prophylaxis initiation,placebo,continuous,,754.0,,656.0,-0.4,,0.0,,"given as estimated change and no std given, also in figure and graphic format",True,True,True,False,3963.0,3457.0,3103.0,TEST
616,11602,1863515,leucocyte count between 26 and 35 wk,Zidovudine prophylaxis initiation,placebo,continuous,,754.0,,656.0,-423.0,,0.0,,"given as estimated change and no std given, also in figure and graphic format",True,True,True,False,3963.0,3457.0,3103.0,TEST
617,11602,1863515,absolute neutrophil count between 26 and 35 wk,Zidovudine prophylaxis initiation,placebo,continuous,,754.0,,656.0,-485.0,,0.0,,"given as estimated change and no std given, also in figure and graphic format",True,True,True,False,3963.0,3457.0,3103.0,TEST
618,11603,1863515,haemoglobin level at 35 wk gestation,Zidovudine prophylaxis initiation,placebo,continuous,,754.0,,656.0,10.7,,11.2,,"means given but no std given, tables and figures in graphic format",True,True,True,False,3963.0,3457.0,3103.0,TEST
619,11603,1863515,leucocyte count at 35 wk gestation,Zidovudine prophylaxis initiation,placebo,continuous,,754.0,,656.0,8818.0,,8362.0,,"means given but no std given, tables and figures in graphic format",True,True,True,False,3963.0,3457.0,3103.0,TEST
620,11603,1863515,absolute neutrophil count at 35 wk gestation,Zidovudine prophylaxis initiation,placebo,continuous,,754.0,,656.0,5639.0,,6150.0,,"means given but no std given, tables and figures in graphic format",True,True,True,False,3963.0,3457.0,3103.0,TEST
621,11904,3493722,eradication rate of H. pylori in ITT,1-week quadruple rescue therapy,2-week quadruple rescue therapy,binary,71.0,85.0,72.0,84.0,,,,,"found in abstract and table, assumed binary because given as percentage of population",False,False,False,True,1684.0,1549.0,1357.0,TEST
622,11904,3493722,eradication rate of H. pylori in PP,1-week quadruple rescue therapy,2-week quadruple rescue therapy,binary,71.0,81.0,72.0,81.0,,,,,"found in abstract and table, assumed binary because given as percentage of population",False,False,False,True,1684.0,1549.0,1357.0,TEST
623,11905,3493722,side effects,1-week quadruple rescue therapy,2-week quadruple rescue therapy,binary,19.0,85.0,32.0,84.0,,,,,found in results section,False,False,False,True,1684.0,1549.0,1357.0,TEST
624,11906,3493722,good compliance rates,1-week quadruple rescue therapy,2-week quadruple rescue therapy,binary,74.0,81.0,74.0,81.0,,,,,"found in table 2, assumed binary because proportion of whole given",False,True,True,True,1684.0,1549.0,1357.0,TEST
625,11906,3493722,well compliance rates,1-week quadruple rescue therapy,2-week quadruple rescue therapy,binary,8.0,81.0,4.0,81.0,,,,,"found in table 2, assumed binary because proportion of whole given",False,True,True,True,1684.0,1549.0,1357.0,TEST
626,11906,3493722,poor compliance rates,1-week quadruple rescue therapy,2-week quadruple rescue therapy,binary,2.0,81.0,3.0,81.0,,,,,"found in table 2, assumed binary because proportion of whole given",False,True,True,True,1684.0,1549.0,1357.0,TEST
627,12232,3510731,Clicked on Results link,received the debriefing information in the body of an email with links to protocol and results pages;,received these links after clicking on an initial link in the body of the email to view the debriefing information on a website.,binary,247.0,6051.0,515.0,5892.0,,,,,found in table 1,False,True,False,True,1665.0,1296.0,943.0,TEST
628,12233,3510731,Clicked on Protocol link,received the debriefing information in the body of an email with links to protocol and results pages;,received these links after clicking on an initial link in the body of the email to view the debriefing information on a website.,binary,202.0,6051.0,362.0,5892.0,,,,,found in table 1,False,True,False,True,1665.0,1296.0,943.0,TEST
629,12234,3510731,Median time in seconds (interquartile range) - Results link,received the debriefing information in the body of an email with links to protocol and results pages;,received these links after clicking on an initial link in the body of the email to view the debriefing information on a website.,continuous,,6051.0,,5892.0,25.0,,25.3,,"found in table 1, IQ range given rather and std",False,True,False,False,1665.0,1296.0,943.0,TEST
630,12235,3510731,Median time in seconds (interquartile range) - Protocol link,received the debriefing information in the body of an email with links to protocol and results pages;,received these links after clicking on an initial link in the body of the email to view the debriefing information on a website.,continuous,,6051.0,,5892.0,3.5,,3.6,,"found in table 1, IQ range given rather and std",False,True,False,False,1665.0,1296.0,943.0,TEST
631,12275,3936115,The number of diverticulitis clinical symptom occurrences during 12months,Microencapsulated sodium butyrate (MSB) 300 mg daily,control group was administered placebo,binary,2.0,30.0,7.0,22.0,,,,,found in table 1,False,True,False,True,2217.0,2016.0,1562.0,TEST
632,12276,3936115,the number of abdominal ultrasound examinations performed for suspected diverticulitis and subsequent number of diverticulitis diagnosed based on abdominal US,Microencapsulated sodium butyrate (MSB) 300 mg daily,control group was administered placebo,binary,1.0,30.0,5.0,22.0,,,,,found in table 2,False,True,False,True,2217.0,2016.0,1562.0,TEST
633,12277,3936115,"Subjective improvement in observed symptoms based on a single closed-end question (yes or no answer): ""Did you observe adequate relief of diverticulosis related to abdominal pain or discomfort within the past 12 months?""",Microencapsulated sodium butyrate (MSB) 300 mg daily,control group was administered placebo,binary,17.0,30.0,5.0,22.0,,,,,found in table 3,False,True,False,True,2217.0,2016.0,1562.0,TEST
634,12289,5777645,HbA1c levels,to peer-led structured patient education,conventional care alone,continuous,,70.0,,70.0,1.05,2.0,0.15,1.7,SDs found in abstract while group sizes and means found in table 2,False,True,False,True,8661.0,5060.0,3738.0,TEST
635,12290,5777645,Mean BMI change,to peer-led structured patient education,conventional care alone,continuous,,70.0,,70.0,-1.65,2.5,0.05,3.2,SDs found in abstract while group sizes and means found in table 2,False,True,False,True,8661.0,5060.0,3738.0,TEST
636,12291,5777645,Mean waist circumference,to peer-led structured patient education,conventional care alone,continuous,,70.0,,70.0,-3.34,9.3,2.65,10.3,SDs found in abstract while group sizes and means found in table 2,False,True,False,True,8661.0,5060.0,3738.0,TEST
637,12720,4132222,decrease in average lesion,application of a canola phenolic acid-based cream (CPA),placebo,continuous,,30.0,,15.0,-1.8,,0.0,,no raw values given and can only be estimated from figure,False,False,False,False,2177.0,1885.0,1617.0,TEST
638,12721,4132222,"higher prevalence of lesion scabbing, a sign of healing",application of a canola phenolic acid-based cream (CPA),placebo,continuous,,30.0,,15.0,,,,,No numerical data for outcome,False,False,False,False,2177.0,1885.0,1617.0,TEST
639,12772,4511433,LDL cholesterol,5 mg elobixibat,placebo,continuous,,12.0,,12.0,,,,,data in figure. Only medians reported,False,False,False,False,4648.0,3874.0,2969.0,TEST
640,12772,4511433,LDL cholesterol,2.5 mg,placebo,continuous,,12.0,,12.0,,,,,data in figure. Only medians reported,False,False,False,False,4648.0,3874.0,2969.0,TEST
641,12879,5830087,objective response rate (ORR),"BTH1677 arm ( intravenous [IV] BTH1677, 4 mg/kg, weekly; IV bevacizumab, 15 mg/kg, once each 3-week cycle [Q3W]; IV carboplatin, 6 mg/mL/min Calvert formula area-under-the-curve, Q3W; and IV paclitaxel, 200 mg/m2, Q3W)",Control arm ( bevacizumab/carboplatin/paclitaxel as above),binary,29.0,48.0,10.0,23.0,,,,,found in table 2,False,True,False,True,11942.0,10628.0,8141.0,TEST
642,12880,5830087,disease control rate,"BTH1677 arm ( intravenous [IV] BTH1677, 4 mg/kg, weekly; IV bevacizumab, 15 mg/kg, once each 3-week cycle [Q3W]; IV carboplatin, 6 mg/mL/min Calvert formula area-under-the-curve, Q3W; and IV paclitaxel, 200 mg/m2, Q3W)",Control arm ( bevacizumab/carboplatin/paclitaxel as above),binary,45.0,48.0,21.0,23.0,,,,,found in table 2,False,True,False,True,11942.0,10628.0,8141.0,TEST
643,12880,5830087,duration of objective response,"BTH1677 arm ( intravenous [IV] BTH1677, 4 mg/kg, weekly; IV bevacizumab, 15 mg/kg, once each 3-week cycle [Q3W]; IV carboplatin, 6 mg/mL/min Calvert formula area-under-the-curve, Q3W; and IV paclitaxel, 200 mg/m2, Q3W)",Control arm ( bevacizumab/carboplatin/paclitaxel as above),continuous,,48.0,,23.0,,,,,"given as median with confidence interval, cannot calculate",False,True,False,False,11942.0,10628.0,8141.0,TEST
644,12880,5830087,progression-free survival,"BTH1677 arm ( intravenous [IV] BTH1677, 4 mg/kg, weekly; IV bevacizumab, 15 mg/kg, once each 3-week cycle [Q3W]; IV carboplatin, 6 mg/mL/min Calvert formula area-under-the-curve, Q3W; and IV paclitaxel, 200 mg/m2, Q3W)",Control arm ( bevacizumab/carboplatin/paclitaxel as above),continuous,,48.0,,23.0,,,,,"given as median with confidence interval, cannot calculate",False,True,False,False,11942.0,10628.0,8141.0,TEST
645,13025,4675066,The mean cognitive score on the Bayley-III,iodine (150 μg/d),placebo,continuous,,27.0,,26.0,99.4,12.2,101.7,8.2,found in table 2,False,True,False,True,6682.0,5735.0,4224.0,TEST
646,13025,4675066,The mean language score on the Bayley-III,iodine (150 μg/d),placebo,continuous,,27.0,,26.0,97.2,12.2,97.9,11.5,found in table 2,False,True,False,True,6682.0,5735.0,4224.0,TEST
647,13025,4675066,The mean motor score on the Bayley-III,iodine (150 μg/d),placebo,continuous,,27.0,,26.0,93.9,10.8,92.4,9.7,found in table 2,False,True,False,True,6682.0,5735.0,4224.0,TEST
648,13097,5976307,induction time,etomidate,propofol based on midazolam,continuous,,62.0,,62.0,2.46,0.993,2.21,1.0,found in table 2,False,True,True,True,2560.0,2044.0,1751.0,TEST
649,13097,5976307,total procedure time,etomidate,propofol based on midazolam,continuous,,62.0,,62.0,29.73,12.23,29.46,16.04,found in table 2,False,True,True,True,2560.0,2044.0,1751.0,TEST
650,13097,5976307,awake time,etomidate,propofol based on midazolam,continuous,,62.0,,62.0,15.08,10.06,17.07,11.83,found in table 2,False,True,True,True,2560.0,2044.0,1751.0,TEST
651,13098,5976307,The incidence rate of all cardiopulmonary adverse events,etomidate,propofol based on midazolam,binary,34.0,62.0,45.0,62.0,,,,,found in table 3,False,True,True,True,2560.0,2044.0,1751.0,TEST
652,13099,5976307,The incidence rate of vital sign fluctuation (VSF),etomidate,propofol based on midazolam,binary,17.0,62.0,31.0,62.0,,,,,found in table 3,False,True,True,True,2560.0,2044.0,1751.0,TEST
653,13100,5976307,the incidence rate of adverse events disturbing the procedure,etomidate,propofol based on midazolam,binary,5.0,62.0,16.0,62.0,,,,,found in table 3,False,True,True,True,2560.0,2044.0,1751.0,TEST
654,13101,5976307,The incidence rate of myoclonus,etomidate,propofol based on midazolam,binary,10.0,62.0,1.0,62.0,,,,,found in table 3,False,True,True,True,2560.0,2044.0,1751.0,TEST
655,13175,5773985,mean volume of both the solutions used,0.5% bupivacaine with 1:200000 epinephrine in group I,mixture of 39 ml of 0.5% bupivacaine with epinephrine 1:200000 and 1 ml of 300 _g buprenorphine (3 _g/kg)in group II,continuous,,25.0,,25.0,4.15,0.52,4.12,0.6,Found in abstract and results,False,False,False,True,2609.0,2261.0,1917.0,TEST
656,13176,5773985,subjective onset of action,0.5% bupivacaine with 1:200000 epinephrine in group I,mixture of 39 ml of 0.5% bupivacaine with epinephrine 1:200000 and 1 ml of 300 _g buprenorphine (3 _g/kg)in group II,continuous,,25.0,,25.0,3.0,1.08,2.92,1.03,Found in abstract and results,False,False,False,True,2609.0,2261.0,1917.0,TEST
657,13176,5773985,objective onset of action,0.5% bupivacaine with 1:200000 epinephrine in group I,mixture of 39 ml of 0.5% bupivacaine with epinephrine 1:200000 and 1 ml of 300 _g buprenorphine (3 _g/kg)in group II,continuous,,25.0,,25.0,7.28,1.59,7.4,1.93,Found in abstract and results,False,False,False,True,2609.0,2261.0,1917.0,TEST
658,13177,5773985,duration of surgical procedure,0.5% bupivacaine with 1:200000 epinephrine in group I,mixture of 39 ml of 0.5% bupivacaine with epinephrine 1:200000 and 1 ml of 300 _g buprenorphine (3 _g/kg)in group II,continuous,,25.0,,25.0,32.2,15.5,33.68,18.91,Graphic format table,False,True,True,True,2609.0,2261.0,1917.0,TEST
659,13178,5773985,the mean duration of postoperative analgesia,0.5% bupivacaine with 1:200000 epinephrine in group I,mixture of 39 ml of 0.5% bupivacaine with epinephrine 1:200000 and 1 ml of 300 _g buprenorphine (3 _g/kg)in group II,continuous,,25.0,,25.0,508.92,63.3,1840.84,819.51,Found in abstract and results,False,False,False,True,2609.0,2261.0,1917.0,TEST
660,13179,5773985,number of analgesic tablets,0.5% bupivacaine with 1:200000 epinephrine in group I,mixture of 39 ml of 0.5% bupivacaine with epinephrine 1:200000 and 1 ml of 300 _g buprenorphine (3 _g/kg)in group II,continuous,,25.0,,25.0,,,,,Outcome not clear,False,True,True,False,2609.0,2261.0,1917.0,TEST
661,13216,4458006,amplitude of whisking,facial nerve transection and subsequent repair either at the main trunk of the nerve (group 1),"2 cm distally, at the main bifurcation (group 2)",continuous,,12.0,,12.0,17.2,,6.9,,No std given,False,False,False,False,1302.0,1180.0,1009.0,TEST
662,13296,4987981,PASI,pioglitazone,placebo,continuous,,16.0,,23.0,4.3,,1.7,,New outcome from old lumped together outcome. Data in figure. Mean change,True,False,False,False,9637.0,7894.0,5779.0,TEST
663,13296,4987981,PASI,metformin,placebo,continuous,,21.0,,23.0,3.9,,1.7,,New outcome from old lumped together outcome. Data in figure. Mean change,True,False,False,False,9637.0,7894.0,5779.0,TEST
664,13296,4987981,ESI,pioglitazone,placebo,continuous,,16.0,,23.0,4.3,,2.3,,New outcome from old lumped together outcome. Data in figure. Mean change,True,False,False,False,9637.0,7894.0,5779.0,TEST
665,13296,4987981,ESI,metformin,placebo,continuous,,21.0,,23.0,4.2,,2.3,,New outcome from old lumped together outcome. Data in figure. Mean change,True,False,False,False,9637.0,7894.0,5779.0,TEST
666,13296,4987981,PGA,pioglitazone,placebo,continuous,,16.0,,23.0,2.3,,1.3,,New outcome from old lumped together outcome. Data in figure. Mean change,True,False,False,False,9637.0,7894.0,5779.0,TEST
667,13296,4987981,PGA,metformin,placebo,continuous,,21.0,,23.0,2.3,,1.3,,New outcome from old lumped together outcome. Data in figure. Mean change,True,False,False,False,9637.0,7894.0,5779.0,TEST
668,13296,4987981,FPG,metformin,placebo,continuous,,21.0,,23.0,101.9,35.1,97.6,20.8,Values seperated and found in table,False,True,False,True,24886.0,12978.0,8556.0,TEST
669,13296,4987981,FPG,pioglitazone,placebo,continuous,,16.0,,23.0,103.4,28.9,97.6,20.8,Values seperated and found in table,False,True,False,True,24886.0,12978.0,8556.0,TEST
670,13296,4987981,total cholesterol,metformin,placebo,continuous,,21.0,,23.0,206.9,36.2,184.4,37.5,Values seperated and found in table,False,True,False,True,24886.0,12978.0,8556.0,TEST
671,13296,4987981,total cholesterol,pioglitazone,placebo,continuous,,16.0,,23.0,207.2,42.3,184.4,37.5,Values seperated and found in table,False,True,False,True,24886.0,12978.0,8556.0,TEST
672,13296,4987981,triglycerides levels,metformin,placebo,continuous,,21.0,,23.0,194.3,63.1,181.8,61.3,Values seperated and found in table,False,True,False,True,24886.0,12978.0,8556.0,TEST
673,13296,4987981,triglycerides levels,pioglitazone,placebo,continuous,,16.0,,23.0,200.1,55.9,181.8,61.3,Values seperated and found in table,False,True,False,True,24886.0,12978.0,8556.0,TEST
674,13313,4550271,Community knowledge,provider,control,continuous,,14.0,,12.0,,,,,outcome too broad,False,True,False,False,9410.0,4699.0,3181.0,TEST
675,13313,4550271,Community knowledge,provider-school intervention,control,continuous,,14.0,,12.0,,,,,outcome too broad,False,True,False,False,9410.0,4699.0,3181.0,TEST
676,13314,4550271,treatment according to guidelines,provider,control,continuous,,14.0,,12.0,36.4,32.0,22.6,23.0,mean given as percent and std has no unit,False,True,False,True,9410.0,4699.0,3181.0,TEST
677,13314,4550271,treatment according to guidelines,provider-school intervention,control,continuous,,14.0,,12.0,23.5,26.0,22.6,23.0,mean given as percent and std has no unit,False,True,False,True,9410.0,4699.0,3181.0,TEST
678,13315,4550271,the proportion of patients who tested positive and received (or were prescribed) an ACT,provider,control,continuous,,14.0,,12.0,56.1,31.0,64.2,28.0,mean given as percent and std has no unit,False,True,False,True,9410.0,4699.0,3181.0,TEST
679,13315,4550271,the proportion of patients who tested positive and received (or were prescribed) an ACT,provider-school intervention,control,continuous,,14.0,,12.0,56.4,33.0,64.2,28.0,mean given as percent and std has no unit,False,True,False,True,9410.0,4699.0,3181.0,TEST
680,13505,5777419,the total cultivable microbiota,probiotic,placebo,continuous,,16.0,,15.0,,,,,median and IQ scores given,False,True,False,False,9410.0,4699.0,3181.0,TEST
681,13505,5777419,the total cultivable microbiota,antibiotic,placebo,continuous,,16.0,,15.0,,,,,median and IQ scores given,False,True,False,False,9410.0,4699.0,3181.0,TEST
682,13506,5777419,attachment gain,probiotic,placebo,continuous,,16.0,,15.0,3.4,0.6,4.3,1.4,found in table 2,False,True,False,True,12992.0,7163.0,5694.0,TEST
683,13506,5777419,reduction of PPD,probiotic,placebo,continuous,,16.0,,15.0,2.2,0.3,2.5,0.6,found in table 2,False,True,False,True,12992.0,7163.0,5694.0,TEST
684,13506,5777419,reduction of plaque,probiotic,placebo,continuous,,16.0,,15.0,28.1,14.6,27.4,13.0,found in table 2,False,True,False,True,12992.0,7163.0,5694.0,TEST
685,13506,5777419,attachment gain,antibiotic,placebo,continuous,,16.0,,15.0,4.1,1.0,4.3,1.4,found in table 2,False,True,False,True,12992.0,7163.0,5694.0,TEST
686,13506,5777419,reduction of PPD,antibiotic,placebo,continuous,,16.0,,15.0,2.3,0.3,2.5,0.6,found in table 2,False,False,False,True,10493.0,8112.0,5695.0,TEST
687,13506,5777419,reduction of plaque,antibiotic,placebo,continuous,,16.0,,15.0,31.8,14.8,27.4,13.0,found in table 2,False,False,False,True,10493.0,8112.0,5695.0,TEST
688,13760,2836833,Fecal fat loss,1500 mg calcium,500 mg calcium,continuous,,17.0,,17.0,,,,,"assumed group sizes were half and half of 34, values for low and high calcium groups have multiple seperated groups within them",False,False,False,False,10493.0,8112.0,5695.0,TEST
689,13761,2836833,Urinary calcium excretion,1500 mg calcium,500 mg calcium,continuous,,17.0,,17.0,,,,,"assumed group sizes were half and half of 34, values for low and high calcium groups have multiple seperated groups within them",True,False,False,False,6401.0,5359.0,3891.0,TEST
690,13762,2836833,weight loss,1500 mg calcium,500 mg calcium,continuous,,17.0,,17.0,,,,,"assumed group sizes were half and half of 34, values for low and high calcium groups have multiple seperated groups within them",False,True,False,False,6401.0,5359.0,3891.0,TEST
691,13763,2836833,systolic or diastolic blood pressure,1500 mg calcium,500 mg calcium,continuous,,17.0,,17.0,,,,,"assumed group sizes were half and half of 34, values for low and high calcium groups have multiple seperated groups within them",False,True,False,False,6401.0,5359.0,3891.0,TEST
692,13830,4210722,vaccination certificates were submitted,a separate reminder card 4 days before the appointment (IG3),no further reminder (IG1),binary,94.0,102.0,84.0,104.0,,,,,found in text as fractions of group sizes,False,False,False,True,6401.0,5359.0,3891.0,TEST
693,13830,4210722,vaccination certificates were submitted,a separate reminder card 4 days before the appointment (IG3),reminder card together with the appointment letter (IG2),binary,94.0,102.0,91.0,107.0,,,,,found in text as fractions of group sizes,False,False,False,True,6401.0,5359.0,3891.0,TEST
694,13831,4210722,use of a reminder card,a separate reminder card 4 days before the appointment (IG3); reminder card together with the appointment letter (IG2);,no further reminder (IG1),binary,185.0,209.0,84.0,104.0,,,,,found in text as fractions of group sizes,False,False,False,True,6401.0,5359.0,3891.0,TEST
695,5635,5712123,time to first rescue analgesic,duloxetine 60 and etoricoxib 120mg (group D/E),Duloxetine (D),continuous,,30.0,,30.0,137.0,61.3,91.7,35.5,found in fig2,True,False,False,True,6401.0,5359.0,3891.0,TEST
696,5636,5712123,postoperative pain at rest,duloxetine 60 and etoricoxib 120mg (group D/E),placebo,continuous,,30.0,,30.0,2.0,,3.0,,values given as score (range),True,False,False,False,6401.0,5359.0,3891.0,TEST
697,5636,5712123,postoperative pain on movement,duloxetine 60 and etoricoxib 120mg (group D/E),placebo,continuous,,30.0,,30.0,3.5,,3.0,,values given as score (range),True,False,False,False,,,,TEST
698,5639,5712123,morphine requirements at 24 h,E group,P group,continuous,,30.0,,30.0,24.6,4.5,31.9,6.7,found in fig3,True,False,False,True,,,,TEST
699,5639,5712123,morphine requirements at 24 h,D group,P group,continuous,,30.0,,30.0,22.6,4.1,31.9,6.7,"found in fig3 typo in table says "".4.1"" interpreteed as 4.1",True,False,False,True,,,,TEST
700,5639,5712123,morphine requirements at 24 h,D/E group,P group,continuous,,30.0,,30.0,17.9,3.2,31.9,6.7,found in fig3,True,False,False,True,,,,TEST
701,5637,5712123,time to first rescue analgesic,duloxetine 60 and etoricoxib 120mg (group D/E),Placebo group (P),continuous,,30.0,,30.0,137.0,61.3,62.0,37.2,found in fig2,True,False,False,True,,,,TEST
702,5638,5712123,time to first rescue analgesic,duloxetine 60 and etoricoxib 120mg (group D/E),etoricoxib (E),continuous,,30.0,,30.0,137.0,61.3,105.3,28.4,found in fig2,True,False,False,True,,,,TEST
