"","pmcid","intervention","comparator","outcome","outcome_type","is_data_in_figure_graphics","field","gold","from_gold","pred","from_pred","category"
"1",1475568,"Follow-up and thorough education on self-care","Standard information about self-care","Baseline angiotensin II receptor blockers (ARBs) intake","binary",FALSE,"comparator_group_size",64,TRUE,NA,TRUE,"FN"
"2",1475568,"Follow-up and thorough education on self-care","Standard information about self-care","Baseline angiotensin II receptor blockers (ARBs) intake","binary",FALSE,"intervention_group_size",59,TRUE,NA,TRUE,"FN"
"3",1475568,"Follow-up and thorough education on self-care","Standard information about self-care","Baseline angiotensin-converting enzyme (ACE) inhibitors intake","binary",FALSE,"comparator_group_size",64,TRUE,NA,TRUE,"FN"
"4",1475568,"Follow-up and thorough education on self-care","Standard information about self-care","Baseline angiotensin-converting enzyme (ACE) inhibitors intake","binary",FALSE,"intervention_group_size",59,TRUE,NA,TRUE,"FN"
"5",1475568,"Follow-up and thorough education on self-care","Standard information about self-care","Daily weight monitoring at the end of treatment","binary",FALSE,"comparator_events",19,TRUE,17,TRUE,"FN"
"6",1475568,"Follow-up and thorough education on self-care","Standard information about self-care","Daily weight monitoring at the end of treatment","binary",FALSE,"comparator_group_size",64,TRUE,59,TRUE,"FN"
"7",1475568,"Follow-up and thorough education on self-care","Standard information about self-care","Daily weight monitoring at the end of treatment","binary",FALSE,"intervention_events",47,TRUE,41,TRUE,"FN"
"8",1475568,"Follow-up and thorough education on self-care","Standard information about self-care","Daily weight monitoring at the end of treatment","binary",FALSE,"intervention_group_size",59,TRUE,52,TRUE,"FN"
"9",1475568,"Follow-up and thorough education on self-care","Standard information about self-care","Heart failure-related quality of life at the end of treatment","continuous",FALSE,"comparator_group_size",64,TRUE,NA,TRUE,"FN"
"10",1475568,"Follow-up and thorough education on self-care","Standard information about self-care","Heart failure-related quality of life at the end of treatment","continuous",FALSE,"comparator_mean",5,TRUE,NA,TRUE,"FN"
"11",1475568,"Follow-up and thorough education on self-care","Standard information about self-care","Heart failure-related quality of life at the end of treatment","continuous",FALSE,"intervention_group_size",59,TRUE,NA,TRUE,"FN"
"12",1475568,"Follow-up and thorough education on self-care","Standard information about self-care","Heart failure-related quality of life at the end of treatment","continuous",FALSE,"intervention_mean",1,TRUE,NA,TRUE,"FN"
"13",1475568,"Follow-up and thorough education on self-care","Standard information about self-care","Knowledge about heart failure","continuous",FALSE,"comparator_mean",NA,TRUE,57,TRUE,"FP"
"14",1475568,"Follow-up and thorough education on self-care","Standard information about self-care","Knowledge about heart failure","continuous",FALSE,"intervention_mean",NA,TRUE,55,TRUE,"FP"
"15",1475568,"Follow-up and thorough education on self-care","Standard information about self-care","Self-efficacy","continuous",FALSE,"comparator_mean",NA,TRUE,22,TRUE,"FP"
"16",1475568,"Follow-up and thorough education on self-care","Standard information about self-care","Self-efficacy","continuous",FALSE,"intervention_mean",NA,TRUE,22,TRUE,"FP"
"17",1574360,"fully automated advice that recommended specific switches from selected products higher in saturated fat to alternate similar products lower in saturated fat","control received general non-specific advice about how to eat a diet lower in saturated fat","The amount of saturated fat in the foods purchased","continuous",FALSE,"comparator_mean",0.04,TRUE,5.86,TRUE,"FN"
"18",1574360,"fully automated advice that recommended specific switches from selected products higher in saturated fat to alternate similar products lower in saturated fat","control received general non-specific advice about how to eat a diet lower in saturated fat","The amount of saturated fat in the foods purchased","continuous",FALSE,"comparator_standard_deviation",0.32,TRUE,NA,TRUE,"FN"
"19",1574360,"fully automated advice that recommended specific switches from selected products higher in saturated fat to alternate similar products lower in saturated fat","control received general non-specific advice about how to eat a diet lower in saturated fat","The amount of saturated fat in the foods purchased","continuous",FALSE,"intervention_mean",0.77,TRUE,6.33,TRUE,"FN"
"20",1574360,"fully automated advice that recommended specific switches from selected products higher in saturated fat to alternate similar products lower in saturated fat","control received general non-specific advice about how to eat a diet lower in saturated fat","The amount of saturated fat in the foods purchased","continuous",FALSE,"intervention_standard_deviation",1.37,TRUE,NA,TRUE,"FN"
"21",1574360,"fully automated advice that recommended specific switches from selected products higher in saturated fat to alternate similar products lower in saturated fat","control received general non-specific advice about how to eat a diet lower in saturated fat","the average cost of the food","xx",FALSE,"comparator_standard_deviation",0.36,TRUE,NA,TRUE,"FN"
"22",1574360,"fully automated advice that recommended specific switches from selected products higher in saturated fat to alternate similar products lower in saturated fat","control received general non-specific advice about how to eat a diet lower in saturated fat","the average cost of the food","xx",FALSE,"intervention_standard_deviation",0.4,TRUE,NA,TRUE,"FN"
"23",1863515,"Zidovudine prophylaxis initiation","placebo","absolute neutrophil count at 35 wk gestation","continuous",TRUE,"comparator_group_size",656,TRUE,632,TRUE,"FN"
"24",1863515,"Zidovudine prophylaxis initiation","placebo","absolute neutrophil count at 35 wk gestation","continuous",TRUE,"intervention_group_size",754,TRUE,730,TRUE,"FN"
"25",1863515,"Zidovudine prophylaxis initiation","placebo","absolute neutrophil count between 26 and 35 wk","continuous",TRUE,"comparator_group_size",656,TRUE,667,TRUE,"FN"
"26",1863515,"Zidovudine prophylaxis initiation","placebo","absolute neutrophil count between 26 and 35 wk","continuous",TRUE,"comparator_mean",0,TRUE,NA,TRUE,"FN"
"27",1863515,"Zidovudine prophylaxis initiation","placebo","absolute neutrophil count between 26 and 35 wk","continuous",TRUE,"intervention_group_size",754,TRUE,769,TRUE,"FN"
"28",1863515,"Zidovudine prophylaxis initiation","placebo","absolute neutrophil count between 26 and 35 wk","continuous",TRUE,"intervention_mean",-485,TRUE,NA,TRUE,"FN"
"29",1863515,"Zidovudine prophylaxis initiation","placebo","haemoglobin level at 35 wk gestation","continuous",TRUE,"comparator_group_size",656,TRUE,626,TRUE,"FN"
"30",1863515,"Zidovudine prophylaxis initiation","placebo","haemoglobin level at 35 wk gestation","continuous",TRUE,"intervention_group_size",754,TRUE,723,TRUE,"FN"
"31",1863515,"Zidovudine prophylaxis initiation","placebo","haemoglobin level between 26 and 35 wk","continuous",TRUE,"comparator_group_size",656,TRUE,667,TRUE,"FN"
"32",1863515,"Zidovudine prophylaxis initiation","placebo","haemoglobin level between 26 and 35 wk","continuous",TRUE,"comparator_mean",0,TRUE,NA,TRUE,"FN"
"33",1863515,"Zidovudine prophylaxis initiation","placebo","haemoglobin level between 26 and 35 wk","continuous",TRUE,"intervention_group_size",754,TRUE,769,TRUE,"FN"
"34",1863515,"Zidovudine prophylaxis initiation","placebo","haemoglobin level between 26 and 35 wk","continuous",TRUE,"intervention_mean",-0.4,TRUE,NA,TRUE,"FN"
"35",1863515,"Zidovudine prophylaxis initiation","placebo","leucocyte count at 35 wk gestation","continuous",TRUE,"comparator_group_size",656,TRUE,632,TRUE,"FN"
"36",1863515,"Zidovudine prophylaxis initiation","placebo","leucocyte count at 35 wk gestation","continuous",TRUE,"intervention_group_size",754,TRUE,730,TRUE,"FN"
"37",1863515,"Zidovudine prophylaxis initiation","placebo","leucocyte count between 26 and 35 wk","continuous",TRUE,"comparator_group_size",656,TRUE,667,TRUE,"FN"
"38",1863515,"Zidovudine prophylaxis initiation","placebo","leucocyte count between 26 and 35 wk","continuous",TRUE,"comparator_mean",0,TRUE,NA,TRUE,"FN"
"39",1863515,"Zidovudine prophylaxis initiation","placebo","leucocyte count between 26 and 35 wk","continuous",TRUE,"intervention_group_size",754,TRUE,769,TRUE,"FN"
"40",1863515,"Zidovudine prophylaxis initiation","placebo","leucocyte count between 26 and 35 wk","continuous",TRUE,"intervention_mean",-423,TRUE,NA,TRUE,"FN"
"41",2363753,"Amifostine","Control","Glomerular filtration rate fall","continuous",FALSE,"comparator_mean",37,TRUE,NA,TRUE,"FN"
"42",2363753,"Amifostine","Control","Glomerular filtration rate fall","continuous",FALSE,"intervention_mean",10,TRUE,NA,TRUE,"FN"
"43",2363753,"Amifostine","Control","Hospital stay","continuous",FALSE,"comparator_mean",18,TRUE,NA,TRUE,"FN"
"44",2363753,"Amifostine","Control","Hospital stay","continuous",FALSE,"intervention_mean",16,TRUE,NA,TRUE,"FN"
"45",2667135,"some portion of therapy outside of the hospital (CoPAT)","full course of therapy in the hospital setting","early discontinuations","binary",FALSE,"comparator_events",54,TRUE,53,TRUE,"FN"
"46",2836833,"1500 mg calcium","500 mg calcium","Fecal fat loss","continuous",FALSE,"comparator_group_size",17,TRUE,34,TRUE,"FN"
"47",2836833,"1500 mg calcium","500 mg calcium","Fecal fat loss","continuous",FALSE,"intervention_group_size",17,TRUE,34,TRUE,"FN"
"48",2836833,"1500 mg calcium","500 mg calcium","Urinary calcium excretion","continuous",TRUE,"comparator_group_size",17,TRUE,34,TRUE,"FN"
"49",2836833,"1500 mg calcium","500 mg calcium","Urinary calcium excretion","continuous",TRUE,"intervention_group_size",17,TRUE,34,TRUE,"FN"
"50",2836833,"1500 mg calcium","500 mg calcium","systolic or diastolic blood pressure","continuous",FALSE,"comparator_group_size",17,TRUE,NA,TRUE,"FN"
"51",2836833,"1500 mg calcium","500 mg calcium","systolic or diastolic blood pressure","continuous",FALSE,"intervention_group_size",17,TRUE,NA,TRUE,"FN"
"52",2836833,"1500 mg calcium","500 mg calcium","weight loss","continuous",FALSE,"comparator_group_size",17,TRUE,NA,TRUE,"FN"
"53",2836833,"1500 mg calcium","500 mg calcium","weight loss","continuous",FALSE,"intervention_group_size",17,TRUE,NA,TRUE,"FN"
"54",2952311,"Acupressure at distal points","Acupressure at local points","Salivary alpha-amylase","continuous",TRUE,"comparator_mean",NA,TRUE,20,TRUE,"FP"
"55",2952311,"Acupressure at distal points","Acupressure at local points","Salivary alpha-amylase","continuous",TRUE,"comparator_standard_deviation",NA,TRUE,9,TRUE,"FP"
"56",2952311,"Acupressure at distal points","Acupressure at local points","Salivary alpha-amylase","continuous",TRUE,"intervention_mean",NA,TRUE,36.8,TRUE,"FP"
"57",2952311,"Acupressure at distal points","Acupressure at local points","Salivary alpha-amylase","continuous",TRUE,"intervention_standard_deviation",NA,TRUE,27.9,TRUE,"FP"
"58",2952311,"Acupressure at distal points","Control","State-Trait Anxiety Inventory-I","continuous",TRUE,"comparator_mean",40,TRUE,39.2,TRUE,"FN"
"59",2952311,"Acupressure at distal points","Control","State-Trait Anxiety Inventory-I","continuous",TRUE,"comparator_standard_deviation",NA,TRUE,9.5,TRUE,"FP"
"60",2952311,"Acupressure at distal points","Control","State-Trait Anxiety Inventory-I","continuous",TRUE,"intervention_mean",42.5,TRUE,43.2,TRUE,"FN"
"61",2952311,"Acupressure at distal points","Control","State-Trait Anxiety Inventory-I","continuous",TRUE,"intervention_standard_deviation",NA,TRUE,6.8,TRUE,"FP"
"62",2952311,"Acupressure at distal points","Control","Verbal rating scale pain intensity","continuous",TRUE,"comparator_mean",1.6,TRUE,1.8,TRUE,"FN"
"63",2952311,"Acupressure at distal points","Control","Verbal rating scale pain intensity","continuous",TRUE,"comparator_standard_deviation",NA,TRUE,0.6,TRUE,"FP"
"64",2952311,"Acupressure at distal points","Control","Verbal rating scale pain intensity","continuous",TRUE,"intervention_mean",1,TRUE,1.7,TRUE,"FN"
"65",2952311,"Acupressure at distal points","Control","Verbal rating scale pain intensity","continuous",TRUE,"intervention_standard_deviation",NA,TRUE,0.8,TRUE,"FP"
"66",2952311,"Acupressure at local points","Control","Muscle hardness","continuous",TRUE,"comparator_mean",57,TRUE,56.9,TRUE,"FN"
"67",2952311,"Acupressure at local points","Control","Muscle hardness","continuous",TRUE,"comparator_standard_deviation",NA,TRUE,5,TRUE,"FP"
"68",2952311,"Acupressure at local points","Control","Muscle hardness","continuous",TRUE,"intervention_mean",55,TRUE,57.4,TRUE,"FN"
"69",2952311,"Acupressure at local points","Control","Muscle hardness","continuous",TRUE,"intervention_standard_deviation",NA,TRUE,4.5,TRUE,"FP"
"70",2952311,"Acupressure at local points","Control","State-Trait Anxiety Inventory-I","continuous",TRUE,"comparator_mean",40,TRUE,39.2,TRUE,"FN"
"71",2952311,"Acupressure at local points","Control","State-Trait Anxiety Inventory-I","continuous",TRUE,"comparator_standard_deviation",NA,TRUE,9.5,TRUE,"FP"
"72",2952311,"Acupressure at local points","Control","State-Trait Anxiety Inventory-I","continuous",TRUE,"intervention_mean",41,TRUE,44.5,TRUE,"FN"
"73",2952311,"Acupressure at local points","Control","State-Trait Anxiety Inventory-I","continuous",TRUE,"intervention_standard_deviation",NA,TRUE,8,TRUE,"FP"
"74",2952311,"Acupressure at local points","Control","Verbal rating scale pain intensity","continuous",TRUE,"comparator_mean",1.6,TRUE,1.8,TRUE,"FN"
"75",2952311,"Acupressure at local points","Control","Verbal rating scale pain intensity","continuous",TRUE,"comparator_standard_deviation",NA,TRUE,0.6,TRUE,"FP"
"76",2952311,"Acupressure at local points","Control","Verbal rating scale pain intensity","continuous",TRUE,"intervention_mean",1.4,TRUE,2.1,TRUE,"FN"
"77",2952311,"Acupressure at local points","Control","Verbal rating scale pain intensity","continuous",TRUE,"intervention_standard_deviation",NA,TRUE,0.5,TRUE,"FP"
"78",2972614,"Laser therapy (Group I)","Placebo laser therapy (Group II)","Laboratory parameters","continuous",FALSE,"comparator_group_size",22,TRUE,NA,TRUE,"FN"
"79",2972614,"Laser therapy (Group I)","Placebo laser therapy (Group II)","Laboratory parameters","continuous",FALSE,"intervention_group_size",30,TRUE,NA,TRUE,"FN"
"80",2972614,"Laser therapy (Group I)","Placebo laser therapy (Group II)","Shoulder Pain and Disability Index score","continuous",FALSE,"comparator_mean",40.99,TRUE,36.39,TRUE,"FN"
"81",2972614,"Laser therapy (Group I)","Placebo laser therapy (Group II)","Shoulder Pain and Disability Index score","continuous",FALSE,"comparator_standard_deviation",20.98,TRUE,20.53,TRUE,"FN"
"82",2972614,"Laser therapy (Group I)","Placebo laser therapy (Group II)","Shoulder Pain and Disability Index score","continuous",FALSE,"intervention_mean",48.13,TRUE,44.33,TRUE,"FN"
"83",2972614,"Laser therapy (Group I)","Placebo laser therapy (Group II)","Shoulder Pain and Disability Index score","continuous",FALSE,"intervention_standard_deviation",22.1,TRUE,2.8,TRUE,"FN"
"84",2974815,"""phone calls"" group","""no phone calls"" group","percentage of patients with controlled blood pressure","binary",FALSE,"comparator_events",175,TRUE,NA,TRUE,"FN"
"85",2974815,"""phone calls"" group","""no phone calls"" group","percentage of patients with controlled blood pressure","binary",FALSE,"intervention_events",86,TRUE,NA,TRUE,"FN"
"86",3003523,"Certolizumab 200 mg","Control","Fatigue Assessment Scale improvement","continuous",TRUE,"comparator_mean",NA,TRUE,-0.8,TRUE,"FP"
"87",3003523,"Certolizumab 200 mg","Control","Fatigue Assessment Scale improvement","continuous",TRUE,"intervention_mean",NA,TRUE,-2.6,TRUE,"FP"
"88",3003523,"Certolizumab 200 mg","Control","Health-related quality of life improvement - Short-Form 36-Items improvement","continuous",FALSE,"comparator_mean",31.5,TRUE,1.7,TRUE,"FN"
"89",3003523,"Certolizumab 200 mg","Control","Health-related quality of life improvement - Short-Form 36-Items improvement","continuous",FALSE,"comparator_standard_deviation",7.4,TRUE,NA,TRUE,"FN"
"90",3003523,"Certolizumab 200 mg","Control","Health-related quality of life improvement - Short-Form 36-Items improvement","continuous",FALSE,"intervention_mean",38.1,TRUE,7.8,TRUE,"FN"
"91",3003523,"Certolizumab 200 mg","Control","Health-related quality of life improvement - Short-Form 36-Items improvement","continuous",FALSE,"intervention_standard_deviation",9.5,TRUE,NA,TRUE,"FN"
"92",3003523,"Certolizumab 200 mg","Control","Short-Form 36-Items improvement","continuous",FALSE,"comparator_mean",31.5,TRUE,1.7,TRUE,"FN"
"93",3003523,"Certolizumab 200 mg","Control","Short-Form 36-Items improvement","continuous",FALSE,"comparator_standard_deviation",7.4,TRUE,NA,TRUE,"FN"
"94",3003523,"Certolizumab 200 mg","Control","Short-Form 36-Items improvement","continuous",FALSE,"intervention_mean",38.1,TRUE,7.8,TRUE,"FN"
"95",3003523,"Certolizumab 200 mg","Control","Short-Form 36-Items improvement","continuous",FALSE,"intervention_standard_deviation",9.5,TRUE,NA,TRUE,"FN"
"96",3003523,"Certolizumab 400 mg","Control","Mental Component Summary improvement","continuous",FALSE,"comparator_mean",41.1,TRUE,2.1,TRUE,"FN"
"97",3003523,"Certolizumab 400 mg","Control","Mental Component Summary improvement","continuous",FALSE,"comparator_standard_deviation",10.8,TRUE,NA,TRUE,"FN"
"98",3003523,"Certolizumab 400 mg","Control","Mental Component Summary improvement","continuous",FALSE,"intervention_mean",45.4,TRUE,6.4,TRUE,"FN"
"99",3003523,"Certolizumab 400 mg","Control","Mental Component Summary improvement","continuous",FALSE,"intervention_standard_deviation",11.5,TRUE,NA,TRUE,"FN"
"100",3003523,"Certolizumab 400 mg","Control","Pain","continuous",FALSE,"comparator_mean",34,TRUE,NA,TRUE,"FN"
"101",3003523,"Certolizumab 400 mg","Control","Pain","continuous",FALSE,"comparator_standard_deviation",20.1,TRUE,NA,TRUE,"FN"
"102",3003523,"Certolizumab 400 mg","Control","Pain","continuous",FALSE,"intervention_mean",53.9,TRUE,NA,TRUE,"FN"
"103",3003523,"Certolizumab 400 mg","Control","Pain","continuous",FALSE,"intervention_standard_deviation",22.2,TRUE,NA,TRUE,"FN"
"104",3003523,"Certolizumab 400 mg","Control","Short-Form 36-Items improvement","continuous",FALSE,"comparator_mean",31.5,TRUE,1.7,TRUE,"FN"
"105",3003523,"Certolizumab 400 mg","Control","Short-Form 36-Items improvement","continuous",FALSE,"comparator_standard_deviation",7.4,TRUE,NA,TRUE,"FN"
"106",3003523,"Certolizumab 400 mg","Control","Short-Form 36-Items improvement","continuous",FALSE,"intervention_mean",38.9,TRUE,8.6,TRUE,"FN"
"107",3003523,"Certolizumab 400 mg","Control","Short-Form 36-Items improvement","continuous",FALSE,"intervention_standard_deviation",8.9,TRUE,NA,TRUE,"FN"
"108",3136370,"Soy shake","Casein shake (Placebo)","Center for Epidemiologic Studies Depression Scale score","continuous",FALSE,"comparator_group_size",16,TRUE,25,TRUE,"FN"
"109",3136370,"Soy shake","Casein shake (Placebo)","Center for Epidemiologic Studies Depression Scale score","continuous",FALSE,"comparator_mean",-8,TRUE,NA,TRUE,"FN"
"110",3136370,"Soy shake","Casein shake (Placebo)","Center for Epidemiologic Studies Depression Scale score","continuous",FALSE,"comparator_standard_deviation",65.41,TRUE,NA,TRUE,"FN"
"111",3136370,"Soy shake","Casein shake (Placebo)","Center for Epidemiologic Studies Depression Scale score","continuous",FALSE,"intervention_group_size",12,TRUE,25,TRUE,"FN"
"112",3136370,"Soy shake","Casein shake (Placebo)","Center for Epidemiologic Studies Depression Scale score","continuous",FALSE,"intervention_mean",-4,TRUE,NA,TRUE,"FN"
"113",3136370,"Soy shake","Casein shake (Placebo)","Center for Epidemiologic Studies Depression Scale score","continuous",FALSE,"intervention_standard_deviation",12.35,TRUE,NA,TRUE,"FN"
"114",3136370,"Soy shake","Casein shake (Placebo)","Fibromyalgia Impact Questionnaire scores","continuous",FALSE,"comparator_group_size",16,TRUE,25,TRUE,"FN"
"115",3136370,"Soy shake","Casein shake (Placebo)","Fibromyalgia Impact Questionnaire scores","continuous",FALSE,"comparator_mean",-19.57,TRUE,NA,TRUE,"FN"
"116",3136370,"Soy shake","Casein shake (Placebo)","Fibromyalgia Impact Questionnaire scores","continuous",FALSE,"comparator_standard_deviation",93.53,TRUE,NA,TRUE,"FN"
"117",3136370,"Soy shake","Casein shake (Placebo)","Fibromyalgia Impact Questionnaire scores","continuous",FALSE,"intervention_group_size",12,TRUE,25,TRUE,"FN"
"118",3136370,"Soy shake","Casein shake (Placebo)","Fibromyalgia Impact Questionnaire scores","continuous",FALSE,"intervention_mean",-17.1,TRUE,NA,TRUE,"FN"
"119",3136370,"Soy shake","Casein shake (Placebo)","Fibromyalgia Impact Questionnaire scores","continuous",FALSE,"intervention_standard_deviation",68.08,TRUE,NA,TRUE,"FN"
"120",3136370,"Soy shake","Control","Center for Epidemiologic Studies Depression Scale score","continuous",FALSE,"comparator_group_size",16,TRUE,NA,TRUE,"FN"
"121",3136370,"Soy shake","Control","Center for Epidemiologic Studies Depression Scale score","continuous",FALSE,"comparator_mean",-8,TRUE,NA,TRUE,"FN"
"122",3136370,"Soy shake","Control","Center for Epidemiologic Studies Depression Scale score","continuous",FALSE,"comparator_standard_deviation",65.41,TRUE,NA,TRUE,"FN"
"123",3136370,"Soy shake","Control","Center for Epidemiologic Studies Depression Scale score","continuous",FALSE,"intervention_group_size",12,TRUE,NA,TRUE,"FN"
"124",3136370,"Soy shake","Control","Center for Epidemiologic Studies Depression Scale score","continuous",FALSE,"intervention_mean",-4,TRUE,NA,TRUE,"FN"
"125",3136370,"Soy shake","Control","Center for Epidemiologic Studies Depression Scale score","continuous",FALSE,"intervention_standard_deviation",12.35,TRUE,NA,TRUE,"FN"
"126",3136370,"Soy shake","Control","Fibromyalgia Impact Questionnaire scores","continuous",FALSE,"comparator_group_size",16,TRUE,NA,TRUE,"FN"
"127",3136370,"Soy shake","Control","Fibromyalgia Impact Questionnaire scores","continuous",FALSE,"comparator_mean",-19.57,TRUE,NA,TRUE,"FN"
"128",3136370,"Soy shake","Control","Fibromyalgia Impact Questionnaire scores","continuous",FALSE,"comparator_standard_deviation",93.53,TRUE,NA,TRUE,"FN"
"129",3136370,"Soy shake","Control","Fibromyalgia Impact Questionnaire scores","continuous",FALSE,"intervention_group_size",12,TRUE,NA,TRUE,"FN"
"130",3136370,"Soy shake","Control","Fibromyalgia Impact Questionnaire scores","continuous",FALSE,"intervention_mean",-17.1,TRUE,NA,TRUE,"FN"
"131",3136370,"Soy shake","Control","Fibromyalgia Impact Questionnaire scores","continuous",FALSE,"intervention_standard_deviation",68.08,TRUE,NA,TRUE,"FN"
"132",3169777,"macitentan dose of 600 mg","placebo","Plasma endothelin-1 concentrations","continuous",TRUE,"comparator_group_size",14,TRUE,NA,TRUE,"FN"
"133",3169777,"macitentan dose of 600 mg","placebo","Plasma endothelin-1 concentrations","continuous",TRUE,"comparator_mean",60,TRUE,NA,TRUE,"FN"
"134",3169777,"macitentan dose of 600 mg","placebo","Plasma endothelin-1 concentrations","continuous",TRUE,"comparator_standard_deviation",12,TRUE,NA,TRUE,"FN"
"135",3169777,"macitentan dose of 600 mg","placebo","Plasma endothelin-1 concentrations","continuous",TRUE,"intervention_group_size",6,TRUE,NA,TRUE,"FN"
"136",3169777,"macitentan dose of 600 mg","placebo","Plasma endothelin-1 concentrations","continuous",TRUE,"intervention_mean",149,TRUE,NA,TRUE,"FN"
"137",3169777,"macitentan dose of 600 mg","placebo","Plasma endothelin-1 concentrations","continuous",TRUE,"intervention_standard_deviation",51,TRUE,NA,TRUE,"FN"
"138",3195393,"After restraint reduction program","Before restraint reduction program","Restraint frecuency","continuous",FALSE,"comparator_standard_deviation",0.13,TRUE,NA,TRUE,"FN"
"139",3195393,"After restraint reduction program","Before restraint reduction program","Restraint frecuency","continuous",FALSE,"intervention_standard_deviation",0.07,TRUE,NA,TRUE,"FN"
"140",3195393,"After restraint reduction program","Before restraint reduction program","Restraint knowledge","continuous",FALSE,"comparator_group_size",463,TRUE,NA,TRUE,"FN"
"141",3195393,"After restraint reduction program","Before restraint reduction program","Restraint knowledge","continuous",FALSE,"intervention_group_size",562,TRUE,NA,TRUE,"FN"
"142",3214395,"group 1 included bispectral index (BIS) of 60, group 2 covered bispectral index (BIS) of 45","group 3 involved bispectral index (BIS) of 35","laryngoscopy duration","continuous",FALSE,"intervention_mean",NA,TRUE,7.4,TRUE,"FP"
"143",3214395,"group 1 included bispectral index (BIS) of 60, group 2 covered bispectral index (BIS) of 45","group 3 involved bispectral index (BIS) of 35","laryngoscopy duration","continuous",FALSE,"intervention_standard_deviation",NA,TRUE,1.095,TRUE,"FP"
"144",3214395,"group 1 included bispectral index (BIS) of 60, group 2 covered bispectral index (BIS) of 48","group 3 involved bispectral index (BIS) of 38","laryngoscopy failure","continuous",FALSE,"comparator_group_size",30,TRUE,NA,TRUE,"FN"
"145",3214395,"group 1 included bispectral index (BIS) of 60, group 2 covered bispectral index (BIS) of 48","group 3 involved bispectral index (BIS) of 38","laryngoscopy failure","continuous",FALSE,"intervention_group_size",60,TRUE,NA,TRUE,"FN"
"146",3214395,"group 1 included bispectral index (BIS) of 60, group 2 covered bispectral index (BIS) of 50","group 3 involved bispectral index (BIS) of 40","awakening","continuous",FALSE,"intervention_mean",NA,TRUE,8.75,TRUE,"FP"
"147",3214395,"group 1 included bispectral index (BIS) of 60, group 2 covered bispectral index (BIS) of 50","group 3 involved bispectral index (BIS) of 40","awakening","continuous",FALSE,"intervention_standard_deviation",NA,TRUE,1.313,TRUE,"FP"
"148",3263860,"Real-Time Continuous Glucose Monitoring","Control","Diabetic ketoacidosis","binary",FALSE,"comparator_group_size",68,TRUE,72,TRUE,"FN"
"149",3263860,"Real-Time Continuous Glucose Monitoring","Control","Diabetic ketoacidosis","binary",FALSE,"intervention_group_size",69,TRUE,74,TRUE,"FN"
"150",3263860,"Real-Time Continuous Glucose Monitoring","Control","Serious skin reactions","binary",FALSE,"comparator_group_size",68,TRUE,72,TRUE,"FN"
"151",3263860,"Real-Time Continuous Glucose Monitoring","Control","Serious skin reactions","binary",FALSE,"intervention_group_size",69,TRUE,74,TRUE,"FN"
"152",3278655,"The trabecular metal tibial monoblock component (TM)","cemented component.","maximum total point motion (MTPM)","continuous",FALSE,"comparator_standard_deviation",2.27,TRUE,NA,TRUE,"FN"
"153",3278655,"The trabecular metal tibial monoblock component (TM)","cemented component.","maximum total point motion (MTPM)","continuous",FALSE,"intervention_standard_deviation",3.91,TRUE,NA,TRUE,"FN"
"154",3343759,"very early speech and language therapy (SLT)","control","aphasia types","binary",TRUE,"comparator_group_size",55,TRUE,NA,TRUE,"FN"
"155",3343759,"very early speech and language therapy (SLT)","control","aphasia types","binary",TRUE,"intervention_group_size",59,TRUE,NA,TRUE,"FN"
"156",3343759,"very early speech and language therapy (SLT)","control","communication ability","continuous",FALSE,"comparator_group_size",NA,TRUE,49,TRUE,"FP"
"157",3343759,"very early speech and language therapy (SLT)","control","communication ability","continuous",FALSE,"intervention_group_size",NA,TRUE,50,TRUE,"FP"
"158",3496170,"Biperiden","Placebo","Learned irrelevance index","continuous",TRUE,"intervention_mean",0.19,TRUE,NA,TRUE,"FN"
"159",3504298,"Face-based attentional bias modification","Placebo","Anxious symptoms","continuous",TRUE,"comparator_mean",NA,TRUE,44.1,TRUE,"FP"
"160",3504298,"Face-based attentional bias modification","Placebo","Anxious symptoms","continuous",TRUE,"comparator_standard_deviation",NA,TRUE,12,TRUE,"FP"
"161",3504298,"Face-based attentional bias modification","Placebo","Anxious symptoms","continuous",TRUE,"intervention_mean",NA,TRUE,45.3,TRUE,"FP"
"162",3504298,"Face-based attentional bias modification","Placebo","Anxious symptoms","continuous",TRUE,"intervention_standard_deviation",NA,TRUE,6.6,TRUE,"FP"
"163",3504298,"Face-based attentional bias modification","Placebo","Depressive symptoms","continuous",FALSE,"comparator_mean",NA,TRUE,4.3,TRUE,"FP"
"164",3504298,"Face-based attentional bias modification","Placebo","Depressive symptoms","continuous",FALSE,"comparator_standard_deviation",NA,TRUE,3.7,TRUE,"FP"
"165",3504298,"Face-based attentional bias modification","Placebo","Depressive symptoms","continuous",FALSE,"intervention_mean",NA,TRUE,5.9,TRUE,"FP"
"166",3504298,"Face-based attentional bias modification","Placebo","Depressive symptoms","continuous",FALSE,"intervention_standard_deviation",NA,TRUE,6.9,TRUE,"FP"
"167",3504298,"Word-based attentional bias modification","Face-based attentional bias modification","Attentional Function","continuous",TRUE,"comparator_group_size",16,TRUE,NA,TRUE,"FN"
"168",3504298,"Word-based attentional bias modification","Face-based attentional bias modification","Attentional Function","continuous",TRUE,"intervention_group_size",16,TRUE,NA,TRUE,"FN"
"169",3504298,"Word-based attentional bias modification","Placebo","Depressive symptoms","continuous",FALSE,"comparator_mean",NA,TRUE,3.8,TRUE,"FP"
"170",3504298,"Word-based attentional bias modification","Placebo","Depressive symptoms","continuous",FALSE,"comparator_standard_deviation",NA,TRUE,4,TRUE,"FP"
"171",3504298,"Word-based attentional bias modification","Placebo","Depressive symptoms","continuous",FALSE,"intervention_mean",NA,TRUE,6.3,TRUE,"FP"
"172",3504298,"Word-based attentional bias modification","Placebo","Depressive symptoms","continuous",FALSE,"intervention_standard_deviation",NA,TRUE,5.4,TRUE,"FP"
"173",3504298,"Word-based attentional bias modification","Placebo","Difference of cortisol on waking and the highest level of following samples","continuous",TRUE,"comparator_group_size",15,TRUE,NA,TRUE,"FN"
"174",3504298,"Word-based attentional bias modification","Placebo","Difference of cortisol on waking and the highest level of following samples","continuous",TRUE,"intervention_group_size",16,TRUE,NA,TRUE,"FN"
"175",3508963,"Intravenous lidocaine","Intravenous morphine","Baseline characteristics - history of first stone","binary",FALSE,"intervention_group_size",120,TRUE,119,TRUE,"FN"
"176",3508963,"Intravenous lidocaine","Intravenous morphine","Baseline characteristics - history of reurrent stone","binary",FALSE,"intervention_group_size",120,TRUE,119,TRUE,"FN"
"177",3510731,"received the debriefing information in the body of an email with links to protocol and results pages;","received these links after clicking on an initial link in the body of the email to view the debriefing information on a website.","Median time in seconds (interquartile range) - Protocol link","continuous",FALSE,"comparator_group_size",5892,TRUE,NA,TRUE,"FN"
"178",3510731,"received the debriefing information in the body of an email with links to protocol and results pages;","received these links after clicking on an initial link in the body of the email to view the debriefing information on a website.","Median time in seconds (interquartile range) - Protocol link","continuous",FALSE,"intervention_group_size",6051,TRUE,NA,TRUE,"FN"
"179",3510731,"received the debriefing information in the body of an email with links to protocol and results pages;","received these links after clicking on an initial link in the body of the email to view the debriefing information on a website.","Median time in seconds (interquartile range) - Results link","continuous",FALSE,"comparator_group_size",5892,TRUE,NA,TRUE,"FN"
"180",3510731,"received the debriefing information in the body of an email with links to protocol and results pages;","received these links after clicking on an initial link in the body of the email to view the debriefing information on a website.","Median time in seconds (interquartile range) - Results link","continuous",FALSE,"intervention_group_size",6051,TRUE,NA,TRUE,"FN"
"181",3546023,"200 mg/day palmvitee nonsmokers","baseline","The percentage of B cells","continuous",FALSE,"comparator_mean",13.72,TRUE,11.97,TRUE,"FN"
"182",3546023,"200 mg/day palmvitee nonsmokers","baseline","The percentage of B cells","continuous",FALSE,"comparator_standard_deviation",4.53,TRUE,4,TRUE,"FN"
"183",3546023,"200 mg/day palmvitee nonsmokers","baseline","The percentage of B cells","continuous",FALSE,"intervention_mean",11.97,TRUE,13.72,TRUE,"FN"
"184",3546023,"200 mg/day palmvitee nonsmokers","baseline","The percentage of B cells","continuous",FALSE,"intervention_standard_deviation",4,TRUE,4.53,TRUE,"FN"
"185",3546023,"200 mg/day palmvitee smokers","baseline","The percentage of B cells","continuous",FALSE,"comparator_mean",14.4,TRUE,14.06,TRUE,"FN"
"186",3546023,"200 mg/day palmvitee smokers","baseline","The percentage of B cells","continuous",FALSE,"comparator_standard_deviation",4.03,TRUE,3.81,TRUE,"FN"
"187",3546023,"200 mg/day palmvitee smokers","baseline","The percentage of B cells","continuous",FALSE,"intervention_mean",14.06,TRUE,14.4,TRUE,"FN"
"188",3546023,"200 mg/day palmvitee smokers","baseline","The percentage of B cells","continuous",FALSE,"intervention_standard_deviation",3.81,TRUE,4.03,TRUE,"FN"
"189",3577738,"website with social presence elements.","website without social presence elements.","active trust","continuous",FALSE,"comparator_group_size",227,TRUE,NA,TRUE,"FN"
"190",3577738,"website with social presence elements.","website without social presence elements.","active trust","continuous",FALSE,"intervention_group_size",231,TRUE,NA,TRUE,"FN"
"191",3577738,"website with social presence elements.","website without social presence elements.","effectiveness","continuous",FALSE,"comparator_group_size",227,TRUE,NA,TRUE,"FN"
"192",3577738,"website with social presence elements.","website without social presence elements.","effectiveness","continuous",FALSE,"intervention_group_size",231,TRUE,NA,TRUE,"FN"
"193",3577738,"website with social presence elements.","website without social presence elements.","efficiency","continuous",FALSE,"comparator_group_size",227,TRUE,NA,TRUE,"FN"
"194",3577738,"website with social presence elements.","website without social presence elements.","efficiency","continuous",FALSE,"intervention_group_size",231,TRUE,NA,TRUE,"FN"
"195",3577738,"website with social presence elements.","website without social presence elements.","enjoyment","continuous",FALSE,"comparator_group_size",227,TRUE,NA,TRUE,"FN"
"196",3577738,"website with social presence elements.","website without social presence elements.","enjoyment","continuous",FALSE,"intervention_group_size",231,TRUE,NA,TRUE,"FN"
"197",3577738,"website with social presence elements.","website without social presence elements.","focused on the social presence elements in terms of duration","continuous",FALSE,"comparator_group_size",227,TRUE,NA,TRUE,"FN"
"198",3577738,"website with social presence elements.","website without social presence elements.","focused on the social presence elements in terms of duration","continuous",FALSE,"intervention_group_size",231,TRUE,NA,TRUE,"FN"
"199",3577738,"website with social presence elements.","website without social presence elements.","focused on the social presence elements in terms of frequency","continuous",FALSE,"comparator_group_size",227,TRUE,NA,TRUE,"FN"
"200",3577738,"website with social presence elements.","website without social presence elements.","focused on the social presence elements in terms of frequency","continuous",FALSE,"intervention_group_size",231,TRUE,NA,TRUE,"FN"
"201",3577738,"website with social presence elements.","website without social presence elements.","interest","continuous",FALSE,"comparator_group_size",227,TRUE,NA,TRUE,"FN"
"202",3577738,"website with social presence elements.","website without social presence elements.","interest","continuous",FALSE,"intervention_group_size",231,TRUE,NA,TRUE,"FN"
"203",3687098,"sitagliptin 100 mg/day","comparator agent","The incidence of the composite endpoint of rash","binary",FALSE,"comparator_events",76,TRUE,NA,TRUE,"FN"
"204",3687098,"sitagliptin 100 mg/day","comparator agent","The incidence of the composite endpoint of rash","binary",FALSE,"intervention_events",131,TRUE,NA,TRUE,"FN"
"205",3687098,"sitagliptin 100 mg/day","comparator agent","The incidence rates of malignancy","binary",FALSE,"comparator_events",6403,TRUE,NA,TRUE,"FN"
"206",3687098,"sitagliptin 100 mg/day","comparator agent","The incidence rates of malignancy","binary",FALSE,"intervention_events",6953,TRUE,NA,TRUE,"FN"
"207",3687098,"sitagliptin 100 mg/day","comparator agent","The incidence rates of pancreatitis","binary",FALSE,"comparator_events",689,TRUE,NA,TRUE,"FN"
"208",3687098,"sitagliptin 100 mg/day","comparator agent","The incidence rates of pancreatitis","binary",FALSE,"intervention_events",773,TRUE,NA,TRUE,"FN"
"209",3687098,"sitagliptin 100 mg/day","comparator agent","adverse event of constipation","binary",FALSE,"comparator_events",124,TRUE,NA,TRUE,"FN"
"210",3687098,"sitagliptin 100 mg/day","comparator agent","adverse event of constipation","binary",FALSE,"intervention_events",178,TRUE,NA,TRUE,"FN"
"211",3877023,"high-field horizontal open MR scanner","short-bore MR scanner","Scanning times","continuous",FALSE,"comparator_mean",20,TRUE,19.8,TRUE,"FN"
"212",3877023,"high-field horizontal open MR scanner","short-bore MR scanner","Scanning times","continuous",FALSE,"comparator_standard_deviation",9,TRUE,8.5,TRUE,"FN"
"213",3877023,"high-field horizontal open MR scanner","short-bore MR scanner","Scanning times","continuous",FALSE,"intervention_mean",32,TRUE,31.7,TRUE,"FN"
"214",3877023,"high-field horizontal open MR scanner","short-bore MR scanner","Scanning times","continuous",FALSE,"intervention_standard_deviation",22,TRUE,21.6,TRUE,"FN"
"215",3877023,"short-bore MR scanner","high-field horizontal open MR scanner","The mean signal-to-noise (SNR) values","continuous",FALSE,"comparator_group_size",48,TRUE,NA,TRUE,"FN"
"216",3877023,"short-bore MR scanner","high-field horizontal open MR scanner","The mean signal-to-noise (SNR) values","continuous",FALSE,"intervention_group_size",55,TRUE,NA,TRUE,"FN"
"217",3877023,"short-bore MR scanner","high-field horizontal open MR scanner","quantitative contour sharpness of the Cervicothoracic Spine","continuous",FALSE,"comparator_mean",1.43,TRUE,1.1,TRUE,"FN"
"218",3877023,"short-bore MR scanner","high-field horizontal open MR scanner","quantitative contour sharpness of the Cervicothoracic Spine","continuous",FALSE,"comparator_standard_deviation",0.48,TRUE,0.2,TRUE,"FN"
"219",3877023,"short-bore MR scanner","high-field horizontal open MR scanner","quantitative contour sharpness of the Cervicothoracic Spine","continuous",FALSE,"intervention_mean",0.95,TRUE,0.8,TRUE,"FN"
"220",3877023,"short-bore MR scanner","high-field horizontal open MR scanner","quantitative contour sharpness of the Cervicothoracic Spine","continuous",FALSE,"intervention_standard_deviation",0.24,TRUE,0.1,TRUE,"FN"
"221",3877023,"short-bore MR scanner","high-field horizontal open MR scanner","quantitative contour sharpness of the thoracolumbar spine","continuous",FALSE,"comparator_mean",1.32,TRUE,1.5,TRUE,"FN"
"222",3877023,"short-bore MR scanner","high-field horizontal open MR scanner","quantitative contour sharpness of the thoracolumbar spine","continuous",FALSE,"comparator_standard_deviation",0.51,TRUE,0.4,TRUE,"FN"
"223",3877023,"short-bore MR scanner","high-field horizontal open MR scanner","quantitative contour sharpness of the thoracolumbar spine","continuous",FALSE,"intervention_mean",0.83,TRUE,0.9,TRUE,"FN"
"224",3877023,"short-bore MR scanner","high-field horizontal open MR scanner","quantitative contour sharpness of the thoracolumbar spine","continuous",FALSE,"intervention_standard_deviation",0.22,TRUE,0.1,TRUE,"FN"
"225",4033571,"Extended-release oxcarbazepine 1200 mg","Control","Adverse effects","binary",FALSE,"comparator_group_size",122,TRUE,121,TRUE,"FN"
"226",4033571,"Extended-release oxcarbazepine 1200 mg","Control","Adverse effects","binary",FALSE,"intervention_group_size",123,TRUE,122,TRUE,"FN"
"227",4033571,"Extended-release oxcarbazepine 1200 mg","Control","Overall seizure median percent reduction","continuous",FALSE,"intervention_mean",-38.3,TRUE,-38.2,TRUE,"FN"
"228",4132222,"application of a canola phenolic acid-based cream (CPA)","placebo","decrease in average lesion","continuous",FALSE,"comparator_group_size",15,TRUE,NA,TRUE,"FN"
"229",4132222,"application of a canola phenolic acid-based cream (CPA)","placebo","decrease in average lesion","continuous",FALSE,"comparator_mean",0,TRUE,NA,TRUE,"FN"
"230",4132222,"application of a canola phenolic acid-based cream (CPA)","placebo","decrease in average lesion","continuous",FALSE,"intervention_group_size",30,TRUE,NA,TRUE,"FN"
"231",4132222,"application of a canola phenolic acid-based cream (CPA)","placebo","decrease in average lesion","continuous",FALSE,"intervention_mean",-1.8,TRUE,NA,TRUE,"FN"
"232",4132222,"application of a canola phenolic acid-based cream (CPA)","placebo","higher prevalence of lesion scabbing, a sign of healing","continuous",FALSE,"comparator_group_size",15,TRUE,NA,TRUE,"FN"
"233",4132222,"application of a canola phenolic acid-based cream (CPA)","placebo","higher prevalence of lesion scabbing, a sign of healing","continuous",FALSE,"comparator_mean",NA,TRUE,1.3,TRUE,"FP"
"234",4132222,"application of a canola phenolic acid-based cream (CPA)","placebo","higher prevalence of lesion scabbing, a sign of healing","continuous",FALSE,"intervention_group_size",30,TRUE,NA,TRUE,"FN"
"235",4132222,"application of a canola phenolic acid-based cream (CPA)","placebo","higher prevalence of lesion scabbing, a sign of healing","continuous",FALSE,"intervention_mean",NA,TRUE,6.8,TRUE,"FP"
"236",4140238,"bepotastine besilate ophthalmic solution (BBOS) 1.5%","placebo","ocular itching for visit 3B at 7 min","continuous",FALSE,"comparator_group_size",70,TRUE,69,TRUE,"FN"
"237",4140238,"bepotastine besilate ophthalmic solution (BBOS) 1.5%","placebo","ocular itching for visit 3B at 7 min","continuous",FALSE,"intervention_group_size",70,TRUE,68,TRUE,"FN"
"238",4144850,"Total Sanitation Campaign","Control","Anemia","binary",FALSE,"comparator_group_size",1.922,TRUE,1922,TRUE,"FN"
"239",4144850,"Total Sanitation Campaign","Control","Anemia","binary",FALSE,"intervention_events",1.078,TRUE,1078,TRUE,"FN"
"240",4144850,"Total Sanitation Campaign","Control","Anemia","binary",FALSE,"intervention_group_size",1.919,TRUE,1919,TRUE,"FN"
"241",4144850,"Total Sanitation Campaign","Control","Independent household latrines number","binary",FALSE,"comparator_events",366,TRUE,367,TRUE,"FN"
"242",4144850,"Total Sanitation Campaign","Control","Independent household latrines number","binary",FALSE,"comparator_group_size",1.514,TRUE,1514,TRUE,"FN"
"243",4144850,"Total Sanitation Campaign","Control","Independent household latrines number","binary",FALSE,"intervention_group_size",1.525,TRUE,1525,TRUE,"FN"
"244",4144850,"Total Sanitation Campaign","Control","Open defecation - adult men","binary",FALSE,"comparator_group_size",1.514,TRUE,1514,TRUE,"FN"
"245",4144850,"Total Sanitation Campaign","Control","Open defecation - adult men","binary",FALSE,"intervention_group_size",1.525,TRUE,1525,TRUE,"FN"
"246",4144850,"Total Sanitation Campaign","Control","Open defecation - adult women","binary",FALSE,"comparator_group_size",1.514,TRUE,1514,TRUE,"FN"
"247",4144850,"Total Sanitation Campaign","Control","Open defecation - adult women","binary",FALSE,"intervention_group_size",1.525,TRUE,1525,TRUE,"FN"
"248",4144850,"Total Sanitation Campaign","Control","Open defecation - children","binary",FALSE,"comparator_group_size",1.514,TRUE,1514,TRUE,"FN"
"249",4144850,"Total Sanitation Campaign","Control","Open defecation - children","binary",FALSE,"intervention_events",1279,TRUE,1280,TRUE,"FN"
"250",4144850,"Total Sanitation Campaign","Control","Open defecation - children","binary",FALSE,"intervention_group_size",1.525,TRUE,1525,TRUE,"FN"
"251",4144850,"Total Sanitation Campaign","Control","Sanitation facility improvement","binary",FALSE,"comparator_group_size",1.512,TRUE,1512,TRUE,"FN"
"252",4144850,"Total Sanitation Campaign","Control","Sanitation facility improvement","binary",FALSE,"intervention_group_size",1.522,TRUE,1522,TRUE,"FN"
"253",4173437,"Tranexamic acid","Control","Coagulation profile","continuous",FALSE,"comparator_mean",NA,TRUE,13.9,TRUE,"FP"
"254",4173437,"Tranexamic acid","Control","Coagulation profile","continuous",FALSE,"comparator_standard_deviation",NA,TRUE,0.8,TRUE,"FP"
"255",4173437,"Tranexamic acid","Control","Coagulation profile","continuous",FALSE,"intervention_mean",NA,TRUE,14.1,TRUE,"FP"
"256",4173437,"Tranexamic acid","Control","Coagulation profile","continuous",FALSE,"intervention_standard_deviation",NA,TRUE,2.1,TRUE,"FP"
"257",4173437,"Tranexamic acid","Control","Crystalloid solution needed","continuous",FALSE,"comparator_group_size",30,TRUE,NA,TRUE,"FN"
"258",4173437,"Tranexamic acid","Control","Crystalloid solution needed","continuous",FALSE,"intervention_group_size",30,TRUE,NA,TRUE,"FN"
"259",4183415,"receive text message reminders about what advice to provide when dispensing artemether-lumefantrine (AL).","no text message","Completed treatment","continuous",FALSE,"comparator_group_size",37,TRUE,451,TRUE,"FN"
"260",4183415,"receive text message reminders about what advice to provide when dispensing artemether-lumefantrine (AL).","no text message","Completed treatment","continuous",FALSE,"intervention_group_size",40,TRUE,453,TRUE,"FN"
"261",4183415,"receive text message reminders about what advice to provide when dispensing artemether-lumefantrine (AL).","no text message","completion of each dose at the correct time","continuous",FALSE,"comparator_group_size",37,TRUE,451,TRUE,"FN"
"262",4183415,"receive text message reminders about what advice to provide when dispensing artemether-lumefantrine (AL).","no text message","completion of each dose at the correct time","continuous",FALSE,"intervention_group_size",40,TRUE,453,TRUE,"FN"
"263",4183415,"receive text message reminders about what advice to provide when dispensing artemether-lumefantrine (AL).","no text message","patient adherence","continuous",FALSE,"comparator_group_size",37,TRUE,NA,TRUE,"FN"
"264",4183415,"receive text message reminders about what advice to provide when dispensing artemether-lumefantrine (AL).","no text message","patient adherence","continuous",FALSE,"comparator_mean",69.8,TRUE,NA,TRUE,"FN"
"265",4183415,"receive text message reminders about what advice to provide when dispensing artemether-lumefantrine (AL).","no text message","patient adherence","continuous",FALSE,"comparator_standard_deviation",20.9,TRUE,NA,TRUE,"FN"
"266",4183415,"receive text message reminders about what advice to provide when dispensing artemether-lumefantrine (AL).","no text message","patient adherence","continuous",FALSE,"intervention_group_size",40,TRUE,NA,TRUE,"FN"
"267",4183415,"receive text message reminders about what advice to provide when dispensing artemether-lumefantrine (AL).","no text message","patient adherence","continuous",FALSE,"intervention_mean",68.3,TRUE,NA,TRUE,"FN"
"268",4183415,"receive text message reminders about what advice to provide when dispensing artemether-lumefantrine (AL).","no text message","patient adherence","continuous",FALSE,"intervention_standard_deviation",23.4,TRUE,NA,TRUE,"FN"
"269",4188762,"remifentanil","lidocaine","mean blood pressure","continuous",TRUE,"comparator_mean",92,TRUE,NA,TRUE,"FN"
"270",4188762,"remifentanil","lidocaine","mean blood pressure","continuous",TRUE,"intervention_mean",77,TRUE,NA,TRUE,"FN"
"271",4188762,"remifentanil","normal saline","mean blood pressure","continuous",TRUE,"comparator_mean",96,TRUE,NA,TRUE,"FN"
"272",4188762,"remifentanil","normal saline","mean blood pressure","continuous",TRUE,"intervention_mean",77,TRUE,NA,TRUE,"FN"
"273",4188762,"remifentanil","normal saline, lidocaine, or ketamine","mean blood pressure","continuous",TRUE,"comparator_group_size",30,TRUE,NA,TRUE,"FN"
"274",4188762,"remifentanil","normal saline, lidocaine, or ketamine","mean blood pressure","continuous",TRUE,"intervention_mean",77,TRUE,NA,TRUE,"FN"
"275",4210722,"a separate reminder card 4 days before the appointment (IG3); reminder card together with the appointment letter (IG2);","no further reminder (IG1)","use of a reminder card","binary",FALSE,"comparator_events",84,TRUE,NA,TRUE,"FN"
"276",4210722,"a separate reminder card 4 days before the appointment (IG3); reminder card together with the appointment letter (IG2);","no further reminder (IG1)","use of a reminder card","binary",FALSE,"comparator_group_size",104,TRUE,NA,TRUE,"FN"
"277",4210722,"a separate reminder card 4 days before the appointment (IG3); reminder card together with the appointment letter (IG2);","no further reminder (IG1)","use of a reminder card","binary",FALSE,"intervention_events",185,TRUE,NA,TRUE,"FN"
"278",4210722,"a separate reminder card 4 days before the appointment (IG3); reminder card together with the appointment letter (IG2);","no further reminder (IG1)","use of a reminder card","binary",FALSE,"intervention_group_size",209,TRUE,NA,TRUE,"FN"
"279",4215531,"facial affect training (FAT) in 20 daily 1-hour sessions","baseline","MCCB performance : Attentional Vigilance","continuous",FALSE,"comparator_mean",41.3,TRUE,33.6,TRUE,"FN"
"280",4215531,"facial affect training (FAT) in 20 daily 1-hour sessions","baseline","MCCB performance : Attentional Vigilance","continuous",FALSE,"comparator_standard_deviation",10.1,TRUE,11.5,TRUE,"FN"
"281",4215531,"facial affect training (FAT) in 20 daily 1-hour sessions","baseline","MCCB performance : Processing Speed","continuous",FALSE,"comparator_mean",48.2,TRUE,39.5,TRUE,"FN"
"282",4215531,"facial affect training (FAT) in 20 daily 1-hour sessions","baseline","MCCB performance : Processing Speed","continuous",FALSE,"comparator_standard_deviation",12.3,TRUE,10.6,TRUE,"FN"
"283",4215531,"facial affect training (FAT) in 20 daily 1-hour sessions","baseline","MCCB performance : Reasoning","continuous",FALSE,"comparator_mean",46.5,TRUE,44.5,TRUE,"FN"
"284",4215531,"facial affect training (FAT) in 20 daily 1-hour sessions","baseline","MCCB performance : Reasoning","continuous",FALSE,"comparator_standard_deviation",9.8,TRUE,10.7,TRUE,"FN"
"285",4215531,"facial affect training (FAT) in 20 daily 1-hour sessions","baseline","MCCB performance : Social Cognition","continuous",FALSE,"comparator_mean",42.8,TRUE,39.3,TRUE,"FN"
"286",4215531,"facial affect training (FAT) in 20 daily 1-hour sessions","baseline","MCCB performance : Social Cognition","continuous",FALSE,"comparator_standard_deviation",11.7,TRUE,11.1,TRUE,"FN"
"287",4215531,"facial affect training (FAT) in 20 daily 1-hour sessions","baseline","MCCB performance : Social Cognition","continuous",FALSE,"intervention_standard_deviation",11.1,TRUE,10.4,TRUE,"FN"
"288",4215531,"facial affect training (FAT) in 20 daily 1-hour sessions","baseline","MCCB performance : Verbal Learning","continuous",FALSE,"comparator_mean",47.3,TRUE,46.2,TRUE,"FN"
"289",4215531,"facial affect training (FAT) in 20 daily 1-hour sessions","baseline","MCCB performance : Verbal Learning","continuous",FALSE,"comparator_standard_deviation",10.4,TRUE,9.9,TRUE,"FN"
"290",4215531,"facial affect training (FAT) in 20 daily 1-hour sessions","baseline","MCCB performance : Visual Learning","continuous",FALSE,"comparator_mean",46.5,TRUE,42.8,TRUE,"FN"
"291",4215531,"facial affect training (FAT) in 20 daily 1-hour sessions","baseline","MCCB performance : Visual Learning","continuous",FALSE,"comparator_standard_deviation",9.8,TRUE,12.8,TRUE,"FN"
"292",4215531,"facial affect training (FAT) in 20 daily 1-hour sessions","baseline","MCCB performance : Visual Learning","continuous",FALSE,"intervention_standard_deviation",12.8,TRUE,14,TRUE,"FN"
"293",4215531,"facial affect training (FAT) in 20 daily 1-hour sessions","baseline","MCCB performance : Working Memory","continuous",FALSE,"comparator_mean",50.8,TRUE,44.6,TRUE,"FN"
"294",4215531,"facial affect training (FAT) in 20 daily 1-hour sessions","baseline","MCCB performance : Working Memory","continuous",FALSE,"comparator_standard_deviation",12.1,TRUE,10.2,TRUE,"FN"
"295",4230312,"quetiapine 300 mg/day","placebo","improvement of disorder","continuous",TRUE,"comparator_standard_deviation",10.12,TRUE,9.99,TRUE,"FN"
"296",4230312,"quetiapine 600 mg/day","placebo","improvement of disorder","continuous",TRUE,"comparator_standard_deviation",10.12,TRUE,9.99,TRUE,"FN"
"297",4319071,"Individual cognition and self-regulation processes intervention","Control","High-energy snack intake","continuous",FALSE,"comparator_standard_deviation",2.71,TRUE,NA,TRUE,"FN"
"298",4319071,"Individual cognition and self-regulation processes intervention","Control","High-energy snack intake","continuous",FALSE,"intervention_standard_deviation",2.79,TRUE,NA,TRUE,"FN"
"299",4319071,"Intervention + targeting environmental-level factors","Control","Fruit intake","continuous",FALSE,"comparator_standard_deviation",1.67,TRUE,NA,TRUE,"FN"
"300",4319071,"Intervention + targeting environmental-level factors","Control","Fruit intake","continuous",FALSE,"intervention_standard_deviation",1.71,TRUE,NA,TRUE,"FN"
"301",4319071,"Intervention + targeting environmental-level factors","Control","High-energy snack intake","continuous",FALSE,"comparator_standard_deviation",2.71,TRUE,NA,TRUE,"FN"
"302",4319071,"Intervention + targeting environmental-level factors","Control","High-energy snack intake","continuous",FALSE,"intervention_standard_deviation",2.76,TRUE,NA,TRUE,"FN"
"303",4319071,"Intervention + targeting environmental-level factors","Control","Vegetable intake","continuous",FALSE,"comparator_standard_deviation",78.33,TRUE,NA,TRUE,"FN"
"304",4319071,"Intervention + targeting environmental-level factors","Control","Vegetable intake","continuous",FALSE,"intervention_standard_deviation",83.71,TRUE,NA,TRUE,"FN"
"305",4319071,"Intervention + targeting environmental-level factors","Individual cognition and self-regulation processes intervention","Fruit intake","continuous",FALSE,"comparator_standard_deviation",1.71,TRUE,NA,TRUE,"FN"
"306",4319071,"Intervention + targeting environmental-level factors","Individual cognition and self-regulation processes intervention","Fruit intake","continuous",FALSE,"intervention_standard_deviation",1.71,TRUE,NA,TRUE,"FN"
"307",4319071,"Intervention + targeting environmental-level factors","Individual cognition and self-regulation processes intervention","Vegetable intake","continuous",FALSE,"comparator_standard_deviation",81.63,TRUE,NA,TRUE,"FN"
"308",4319071,"Intervention + targeting environmental-level factors","Individual cognition and self-regulation processes intervention","Vegetable intake","continuous",FALSE,"intervention_standard_deviation",83.71,TRUE,NA,TRUE,"FN"
"309",4323894,"Deep-cooling","Mild-cooling","Improvement in Glasgow outcome score at 6 months post-trauma","continuous",FALSE,"comparator_mean",70,TRUE,NA,TRUE,"FN"
"310",4323894,"Deep-cooling","Mild-cooling","Improvement in Glasgow outcome score at 6 months post-trauma","continuous",FALSE,"intervention_mean",63.2,TRUE,NA,TRUE,"FN"
"311",4323894,"Deep-cooling","No cooling","Improvement in Glasgow outcome score at 6 months post-trauma","continuous",FALSE,"comparator_mean",15.4,TRUE,NA,TRUE,"FN"
"312",4323894,"Deep-cooling","No cooling","Improvement in Glasgow outcome score at 6 months post-trauma","continuous",FALSE,"intervention_mean",63.2,TRUE,NA,TRUE,"FN"
"313",4323894,"Mild-cooling","No cooling","Improvement in Glasgow outcome score at 6 months post-trauma","continuous",FALSE,"comparator_mean",15.4,TRUE,NA,TRUE,"FN"
"314",4323894,"Mild-cooling","No cooling","Improvement in Glasgow outcome score at 6 months post-trauma","continuous",FALSE,"intervention_mean",70,TRUE,NA,TRUE,"FN"
"315",4355974,"BostonBreathes system","Control","Days limited activity from asthma","continuous",FALSE,"comparator_mean",-1.8,TRUE,0.2,TRUE,"FN"
"316",4355974,"BostonBreathes system","Control","Days limited activity from asthma","continuous",FALSE,"intervention_mean",-0.2,TRUE,0.4,TRUE,"FN"
"317",4355974,"BostonBreathes system","Control","Days of wheeze","continuous",FALSE,"comparator_mean",-4.2,TRUE,0.9,TRUE,"FN"
"318",4355974,"BostonBreathes system","Control","Days of wheeze","continuous",FALSE,"intervention_mean",-1.4,TRUE,1.5,TRUE,"FN"
"319",4355974,"BostonBreathes system","Control","Days patient had to slow down","continuous",FALSE,"comparator_mean",-0.4,TRUE,0.7,TRUE,"FN"
"320",4355974,"BostonBreathes system","Control","Days patient had to slow down","continuous",FALSE,"intervention_mean",-1.4,TRUE,1.1,TRUE,"FN"
"321",4355974,"BostonBreathes system","Control","School days missed for asthma","continuous",FALSE,"comparator_mean",-0.4,TRUE,0,TRUE,"FN"
"322",4355974,"BostonBreathes system","Control","School days missed for asthma","continuous",FALSE,"intervention_mean",-0.2,TRUE,0,TRUE,"FN"
"323",4357072,"topical pimecrolimus cream 1%","triamcinolone acetonide oral paste 0.1%","reduction in erythematous area","binary",FALSE,"comparator_events",10,TRUE,15,TRUE,"FN"
"324",4357072,"topical pimecrolimus cream 1%","triamcinolone acetonide oral paste 0.1%","reduction in erythematous area","binary",FALSE,"intervention_events",14,TRUE,15,TRUE,"FN"
"325",4411165,"whole-body to cold (whole-body cryostimulation, WBC)","whole-body except the head (partial-body cryostimulation, PBC)","Tskin of the head","continuous",TRUE,"comparator_group_size",10,TRUE,NA,TRUE,"FN"
"326",4411165,"whole-body to cold (whole-body cryostimulation, WBC)","whole-body except the head (partial-body cryostimulation, PBC)","Tskin of the head","continuous",TRUE,"comparator_mean",33.1,TRUE,NA,TRUE,"FN"
"327",4411165,"whole-body to cold (whole-body cryostimulation, WBC)","whole-body except the head (partial-body cryostimulation, PBC)","Tskin of the head","continuous",TRUE,"intervention_group_size",10,TRUE,NA,TRUE,"FN"
"328",4411165,"whole-body to cold (whole-body cryostimulation, WBC)","whole-body except the head (partial-body cryostimulation, PBC)","Tskin of the head","continuous",TRUE,"intervention_mean",33.2,TRUE,NA,TRUE,"FN"
"329",4411165,"whole-body to cold (whole-body cryostimulation, WBC)","whole-body except the head (partial-body cryostimulation, PBC)","diastolic BP","continuous",TRUE,"comparator_group_size",10,TRUE,NA,TRUE,"FN"
"330",4411165,"whole-body to cold (whole-body cryostimulation, WBC)","whole-body except the head (partial-body cryostimulation, PBC)","diastolic BP","continuous",TRUE,"comparator_mean",1.25,TRUE,NA,TRUE,"FN"
"331",4411165,"whole-body to cold (whole-body cryostimulation, WBC)","whole-body except the head (partial-body cryostimulation, PBC)","diastolic BP","continuous",TRUE,"intervention_group_size",10,TRUE,NA,TRUE,"FN"
"332",4411165,"whole-body to cold (whole-body cryostimulation, WBC)","whole-body except the head (partial-body cryostimulation, PBC)","diastolic BP","continuous",TRUE,"intervention_mean",2.6,TRUE,NA,TRUE,"FN"
"333",4411165,"whole-body to cold (whole-body cryostimulation, WBC)","whole-body except the head (partial-body cryostimulation, PBC)","systolic BP","continuous",TRUE,"comparator_group_size",10,TRUE,NA,TRUE,"FN"
"334",4411165,"whole-body to cold (whole-body cryostimulation, WBC)","whole-body except the head (partial-body cryostimulation, PBC)","systolic BP","continuous",TRUE,"comparator_mean",-2.8,TRUE,NA,TRUE,"FN"
"335",4411165,"whole-body to cold (whole-body cryostimulation, WBC)","whole-body except the head (partial-body cryostimulation, PBC)","systolic BP","continuous",TRUE,"intervention_group_size",10,TRUE,NA,TRUE,"FN"
"336",4411165,"whole-body to cold (whole-body cryostimulation, WBC)","whole-body except the head (partial-body cryostimulation, PBC)","systolic BP","continuous",TRUE,"intervention_mean",-2.1,TRUE,NA,TRUE,"FN"
"337",4458006,"facial nerve transection and subsequent repair either at the main trunk of the nerve (group 1)","2 cm distally, at the main bifurcation (group 2)","amplitude of whisking","continuous",FALSE,"comparator_mean",6.9,TRUE,5.9,TRUE,"FN"
"338",4467620,"Exercise - Hot + Cooling conditions","At rest - Hot + Cooling conditions","accuracy of the cognitive tasks","continuous",TRUE,"comparator_group_size",8,TRUE,NA,TRUE,"FN"
"339",4467620,"Exercise - Hot + Cooling conditions","At rest - Hot + Cooling conditions","accuracy of the cognitive tasks","continuous",TRUE,"intervention_group_size",8,TRUE,NA,TRUE,"FN"
"340",4467620,"Exercise - Hot condition","At rest - Hot condition","accuracy of the cognitive tasks","continuous",TRUE,"comparator_group_size",8,TRUE,NA,TRUE,"FN"
"341",4467620,"Exercise - Hot condition","At rest - Hot condition","accuracy of the cognitive tasks","continuous",TRUE,"intervention_group_size",8,TRUE,NA,TRUE,"FN"
"342",4467620,"Hot + Cooling conditions","Hot conditions","differences in the accuracy","continuous",TRUE,"comparator_group_size",8,TRUE,NA,TRUE,"FN"
"343",4467620,"Hot + Cooling conditions","Hot conditions","differences in the accuracy","continuous",TRUE,"intervention_group_size",8,TRUE,NA,TRUE,"FN"
"344",4467620,"Hot + Cooling conditions","Hot conditions","weight reduction","continuous",FALSE,"comparator_mean",68.8,TRUE,0.41,TRUE,"FN"
"345",4467620,"Hot + Cooling conditions","Hot conditions","weight reduction","continuous",FALSE,"comparator_standard_deviation",7.5,TRUE,0.07,TRUE,"FN"
"346",4467620,"Hot + Cooling conditions","Hot conditions","weight reduction","continuous",FALSE,"intervention_mean",68.6,TRUE,0.37,TRUE,"FN"
"347",4467620,"Hot + Cooling conditions","Hot conditions","weight reduction","continuous",FALSE,"intervention_standard_deviation",7.7,TRUE,0.22,TRUE,"FN"
"348",4483334,"CPP-ACP plus laser (group D)","CPP-ACP crème (group C)","Total weight percentage of phosphate","continuous",FALSE,"comparator_standard_deviation",2.72,TRUE,2.724,TRUE,"FN"
"349",4486927,"peginterferon (Peg-IFN) plus ribavirin (RBV) for 48 weeks","peginterferon (Peg-IFN) plus ribavirin (RBV) for 24 weeks","The SVR rates if the patients had IL-28B rs8099917 TT genotype, and GT/GG genotype","binary",FALSE,"comparator_events",2,TRUE,37,TRUE,"FN"
"350",4486927,"peginterferon (Peg-IFN) plus ribavirin (RBV) for 48 weeks","peginterferon (Peg-IFN) plus ribavirin (RBV) for 24 weeks","The SVR rates if the patients had IL-28B rs8099917 TT genotype, and GT/GG genotype","binary",FALSE,"comparator_group_size",24,TRUE,84,TRUE,"FN"
"351",4486927,"peginterferon (Peg-IFN) plus ribavirin (RBV) for 48 weeks","peginterferon (Peg-IFN) plus ribavirin (RBV) for 24 weeks","The SVR rates if the patients had IL-28B rs8099917 TT genotype, and GT/GG genotype","binary",FALSE,"intervention_events",17,TRUE,62,TRUE,"FN"
"352",4486927,"peginterferon (Peg-IFN) plus ribavirin (RBV) for 48 weeks","peginterferon (Peg-IFN) plus ribavirin (RBV) for 24 weeks","The SVR rates if the patients had IL-28B rs8099917 TT genotype, and GT/GG genotype","binary",FALSE,"intervention_group_size",23,TRUE,88,TRUE,"FN"
"353",4493951,"H0 (saline)","H1(haloperidol 1 mg),","The sedation score recorded in the postanesthesia care unit (PACU) over the 2-h observation period","continuous",TRUE,"comparator_mean",3.2,TRUE,NA,TRUE,"FN"
"354",4493951,"H0 (saline)","H1(haloperidol 1 mg),","The sedation score recorded in the postanesthesia care unit (PACU) over the 2-h observation period","continuous",TRUE,"intervention_mean",3,TRUE,NA,TRUE,"FN"
"355",4493951,"H1(haloperidol 1 mg)","H0 (saline)","the incidence of postoperative nausea and vomiting (PONV)","binary",FALSE,"comparator_events",21,TRUE,27,TRUE,"FN"
"356",4493951,"H1(haloperidol 1 mg)","H0 (saline)","the incidence of postoperative nausea and vomiting (PONV)","binary",FALSE,"intervention_events",11,TRUE,14,TRUE,"FN"
"357",4493951,"H1(haloperidol 1 mg)","H2 (haloperidol 2 mg)","the incidence of postoperative nausea and vomiting (PONV)","binary",FALSE,"comparator_events",10,TRUE,12,TRUE,"FN"
"358",4493951,"H1(haloperidol 1 mg)","H2 (haloperidol 2 mg)","the incidence of postoperative nausea and vomiting (PONV)","binary",FALSE,"intervention_events",11,TRUE,14,TRUE,"FN"
"359",4493951,"H2 (haloperidol 2 mg)","H0 (saline)","the incidence of postoperative nausea and vomiting (PONV)","binary",FALSE,"comparator_events",21,TRUE,27,TRUE,"FN"
"360",4493951,"H2 (haloperidol 2 mg)","H0 (saline)","the incidence of postoperative nausea and vomiting (PONV)","binary",FALSE,"intervention_events",10,TRUE,12,TRUE,"FN"
"361",4493951,"and H2 (haloperidol 2 mg)","H0 (saline)","The sedation score recorded in the postanesthesia care unit (PACU) over the 2-h observation period","continuous",TRUE,"comparator_mean",3,TRUE,NA,TRUE,"FN"
"362",4493951,"and H2 (haloperidol 2 mg)","H0 (saline)","The sedation score recorded in the postanesthesia care unit (PACU) over the 2-h observation period","continuous",TRUE,"intervention_mean",4.2,TRUE,NA,TRUE,"FN"
"363",4493951,"and H2 (haloperidol 2 mg)","H1(haloperidol 1 mg)","The sedation score recorded in the postanesthesia care unit (PACU) over the 2-h observation period","continuous",TRUE,"comparator_mean",3.2,TRUE,NA,TRUE,"FN"
"364",4493951,"and H2 (haloperidol 2 mg)","H1(haloperidol 1 mg)","The sedation score recorded in the postanesthesia care unit (PACU) over the 2-h observation period","continuous",TRUE,"intervention_mean",4.2,TRUE,NA,TRUE,"FN"
"365",4541185,"ropivacaine + diluted clonidine with saline","ropivacaine + saline","duration of analgesia","continuous",FALSE,"comparator_group_size",30,TRUE,29,TRUE,"FN"
"366",4541185,"ropivacaine + diluted clonidine with saline","ropivacaine + saline","duration of motor block","continuous",FALSE,"comparator_group_size",30,TRUE,29,TRUE,"FN"
"367",4541185,"ropivacaine + diluted clonidine with saline","ropivacaine + saline","duration of sensory block","continuous",FALSE,"comparator_group_size",30,TRUE,29,TRUE,"FN"
"368",4541185,"ropivacaine + diluted clonidine with saline","ropivacaine + saline","heart rate","continuous",FALSE,"comparator_group_size",30,TRUE,NA,TRUE,"FN"
"369",4541185,"ropivacaine + diluted clonidine with saline","ropivacaine + saline","heart rate","continuous",FALSE,"comparator_mean",76.77,TRUE,NA,TRUE,"FN"
"370",4541185,"ropivacaine + diluted clonidine with saline","ropivacaine + saline","heart rate","continuous",FALSE,"comparator_standard_deviation",8.76,TRUE,NA,TRUE,"FN"
"371",4541185,"ropivacaine + diluted clonidine with saline","ropivacaine + saline","heart rate","continuous",FALSE,"intervention_group_size",30,TRUE,NA,TRUE,"FN"
"372",4541185,"ropivacaine + diluted clonidine with saline","ropivacaine + saline","heart rate","continuous",FALSE,"intervention_mean",76.1,TRUE,NA,TRUE,"FN"
"373",4541185,"ropivacaine + diluted clonidine with saline","ropivacaine + saline","heart rate","continuous",FALSE,"intervention_standard_deviation",8.91,TRUE,NA,TRUE,"FN"
"374",4541185,"ropivacaine + diluted clonidine with saline","ropivacaine + saline","mean arterial pressure","continuous",FALSE,"comparator_group_size",30,TRUE,NA,TRUE,"FN"
"375",4541185,"ropivacaine + diluted clonidine with saline","ropivacaine + saline","mean arterial pressure","continuous",FALSE,"comparator_mean",91.2,TRUE,NA,TRUE,"FN"
"376",4541185,"ropivacaine + diluted clonidine with saline","ropivacaine + saline","mean arterial pressure","continuous",FALSE,"comparator_standard_deviation",6.62,TRUE,NA,TRUE,"FN"
"377",4541185,"ropivacaine + diluted clonidine with saline","ropivacaine + saline","mean arterial pressure","continuous",FALSE,"intervention_group_size",30,TRUE,NA,TRUE,"FN"
"378",4541185,"ropivacaine + diluted clonidine with saline","ropivacaine + saline","mean arterial pressure","continuous",FALSE,"intervention_mean",92.04,TRUE,NA,TRUE,"FN"
"379",4541185,"ropivacaine + diluted clonidine with saline","ropivacaine + saline","mean arterial pressure","continuous",FALSE,"intervention_standard_deviation",7.15,TRUE,NA,TRUE,"FN"
"380",4541185,"ropivacaine + diluted clonidine with saline","ropivacaine + saline","onset of motor block","continuous",FALSE,"comparator_group_size",30,TRUE,29,TRUE,"FN"
"381",4541185,"ropivacaine + diluted clonidine with saline","ropivacaine + saline","onset of sensory block","continuous",FALSE,"comparator_group_size",30,TRUE,29,TRUE,"FN"
"382",4550271,"provider","control","Community knowledge","continuous",FALSE,"comparator_group_size",12,TRUE,NA,TRUE,"FN"
"383",4550271,"provider","control","Community knowledge","continuous",FALSE,"intervention_group_size",14,TRUE,NA,TRUE,"FN"
"384",4550271,"provider-school intervention","control","Community knowledge","continuous",FALSE,"comparator_group_size",12,TRUE,NA,TRUE,"FN"
"385",4550271,"provider-school intervention","control","Community knowledge","continuous",FALSE,"intervention_group_size",14,TRUE,NA,TRUE,"FN"
"386",4550271,"provider-school intervention","control","the proportion of patients who tested positive and received (or were prescribed) an ACT","continuous",FALSE,"intervention_group_size",14,TRUE,12,TRUE,"FN"
"387",4574984,"intervention group, i.e. patient empowerment through information booklet and diary keeping - females","control group, which received standard care - females","Health-Related Quality of Life at 12 month - females","continuous",FALSE,"comparator_group_size",95,TRUE,NA,TRUE,"FN"
"388",4574984,"intervention group, i.e. patient empowerment through information booklet and diary keeping - females","control group, which received standard care - females","Health-Related Quality of Life at 12 month - females","continuous",FALSE,"comparator_standard_deviation",24.79,TRUE,NA,TRUE,"FN"
"389",4574984,"intervention group, i.e. patient empowerment through information booklet and diary keeping - females","control group, which received standard care - females","Health-Related Quality of Life at 12 month - females","continuous",FALSE,"intervention_group_size",110,TRUE,NA,TRUE,"FN"
"390",4574984,"intervention group, i.e. patient empowerment through information booklet and diary keeping - females","control group, which received standard care - females","Health-Related Quality of Life at 12 month - females","continuous",FALSE,"intervention_standard_deviation",30.21,TRUE,NA,TRUE,"FN"
"391",4574984,"intervention group, i.e. patient empowerment through information booklet and diary keeping - males","control group, which received standard care - males","Health-Related Quality of Life at 12 month - males","continuous",FALSE,"comparator_group_size",231,TRUE,NA,TRUE,"FN"
"392",4574984,"intervention group, i.e. patient empowerment through information booklet and diary keeping - males","control group, which received standard care - males","Health-Related Quality of Life at 12 month - males","continuous",FALSE,"comparator_standard_deviation",27.1,TRUE,NA,TRUE,"FN"
"393",4574984,"intervention group, i.e. patient empowerment through information booklet and diary keeping - males","control group, which received standard care - males","Health-Related Quality of Life at 12 month - males","continuous",FALSE,"intervention_group_size",216,TRUE,NA,TRUE,"FN"
"394",4574984,"intervention group, i.e. patient empowerment through information booklet and diary keeping - males","control group, which received standard care - males","Health-Related Quality of Life at 12 month - males","continuous",FALSE,"intervention_standard_deviation",23.66,TRUE,NA,TRUE,"FN"
"395",4678179,"vismodegib plus gemcitabine (GV)","gemcitabine plus placebo (GP)","Median overall survival (OS)","continuous",FALSE,"comparator_standard_deviation",5.57,TRUE,NA,TRUE,"FN"
"396",4678179,"vismodegib plus gemcitabine (GV)","gemcitabine plus placebo (GP)","Median overall survival (OS)","continuous",FALSE,"intervention_standard_deviation",4.09,TRUE,NA,TRUE,"FN"
"397",4678179,"vismodegib plus gemcitabine (GV)","gemcitabine plus placebo (GP)","progression-free-survival (PFS)","continuous",FALSE,"comparator_mean",NA,TRUE,2.5,TRUE,"FP"
"398",4678179,"vismodegib plus gemcitabine (GV)","gemcitabine plus placebo (GP)","progression-free-survival (PFS)","continuous",FALSE,"intervention_mean",NA,TRUE,4,TRUE,"FP"
"399",4678179,"vismodegib plus gemcitabine (GV)","gemcitabine plus placebo (GP)","rate of adverse events","binary",FALSE,"comparator_events",2,TRUE,NA,TRUE,"FN"
"400",4678179,"vismodegib plus gemcitabine (GV)","gemcitabine plus placebo (GP)","rate of adverse events","binary",FALSE,"intervention_events",4,TRUE,NA,TRUE,"FN"
"401",4709985,"tertiary education","other educations","would have liked more information on acupuncture","binary",FALSE,"comparator_group_size",89,TRUE,NA,TRUE,"FN"
"402",4709985,"tertiary education","other educations","would have liked more information on acupuncture","binary",FALSE,"intervention_group_size",121,TRUE,NA,TRUE,"FN"
"403",4830045,"Patients in the 3h group","Patients in the 20h group","Embryo quality","binary",FALSE,"comparator_events",NA,TRUE,503,TRUE,"FP"
"404",4830045,"Patients in the 3h group","Patients in the 20h group","Embryo quality","binary",FALSE,"comparator_group_size",60,TRUE,718,TRUE,"FN"
"405",4830045,"Patients in the 3h group","Patients in the 20h group","Embryo quality","binary",FALSE,"intervention_events",NA,TRUE,524,TRUE,"FP"
"406",4830045,"Patients in the 3h group","Patients in the 20h group","Embryo quality","binary",FALSE,"intervention_group_size",74,TRUE,705,TRUE,"FN"
"407",4879328,"Get Healthy, Stay Healthy' (GHSH)","no continued contact","FFBQ Total Index Score","continuous",FALSE,"comparator_mean",0.01,TRUE,3.31,TRUE,"FN"
"408",4879328,"Get Healthy, Stay Healthy' (GHSH)","no continued contact","FFBQ Total Index Score","continuous",FALSE,"comparator_standard_deviation",0.33,TRUE,NA,TRUE,"FN"
"409",4879328,"Get Healthy, Stay Healthy' (GHSH)","no continued contact","FFBQ Total Index Score","continuous",FALSE,"intervention_mean",0.07,TRUE,3.37,TRUE,"FN"
"410",4879328,"Get Healthy, Stay Healthy' (GHSH)","no continued contact","FFBQ Total Index Score","continuous",FALSE,"intervention_standard_deviation",0.26,TRUE,NA,TRUE,"FN"
"411",4879328,"Get Healthy, Stay Healthy' (GHSH)","no continued contact","accelerometer-assessed moderate to vigorous physical activity (MVPA)","continuous",FALSE,"comparator_mean",-16.1,TRUE,180.8,TRUE,"FN"
"412",4879328,"Get Healthy, Stay Healthy' (GHSH)","no continued contact","accelerometer-assessed moderate to vigorous physical activity (MVPA)","continuous",FALSE,"comparator_standard_deviation",66.25,TRUE,NA,TRUE,"FN"
"413",4879328,"Get Healthy, Stay Healthy' (GHSH)","no continued contact","accelerometer-assessed moderate to vigorous physical activity (MVPA)","continuous",FALSE,"intervention_mean",7.41,TRUE,203.61,TRUE,"FN"
"414",4879328,"Get Healthy, Stay Healthy' (GHSH)","no continued contact","accelerometer-assessed moderate to vigorous physical activity (MVPA)","continuous",FALSE,"intervention_standard_deviation",66.12,TRUE,NA,TRUE,"FN"
"415",4879328,"Get Healthy, Stay Healthy' (GHSH)","no continued contact","effects for vigorous activity","continuous",FALSE,"comparator_mean",-0.4,TRUE,1.16,TRUE,"FN"
"416",4879328,"Get Healthy, Stay Healthy' (GHSH)","no continued contact","effects for vigorous activity","continuous",FALSE,"comparator_standard_deviation",2.48,TRUE,NA,TRUE,"FN"
"417",4879328,"Get Healthy, Stay Healthy' (GHSH)","no continued contact","effects for vigorous activity","continuous",FALSE,"intervention_mean",0.2,TRUE,2.53,TRUE,"FN"
"418",4879328,"Get Healthy, Stay Healthy' (GHSH)","no continued contact","effects for vigorous activity","continuous",FALSE,"intervention_standard_deviation",1.56,TRUE,NA,TRUE,"FN"
"419",4879328,"Get Healthy, Stay Healthy' (GHSH)","no continued contact","effects for walking","continuous",FALSE,"comparator_mean",0.31,TRUE,4.3,TRUE,"FN"
"420",4879328,"Get Healthy, Stay Healthy' (GHSH)","no continued contact","effects for walking","continuous",FALSE,"comparator_standard_deviation",3.84,TRUE,NA,TRUE,"FN"
"421",4879328,"Get Healthy, Stay Healthy' (GHSH)","no continued contact","effects for walking","continuous",FALSE,"intervention_mean",-0.55,TRUE,2.75,TRUE,"FN"
"422",4879328,"Get Healthy, Stay Healthy' (GHSH)","no continued contact","effects for walking","continuous",FALSE,"intervention_standard_deviation",2.29,TRUE,NA,TRUE,"FN"
"423",4879328,"Get Healthy, Stay Healthy' (GHSH)","no continued contact","waist circumference","continuous",FALSE,"comparator_group_size",114,TRUE,112,TRUE,"FN"
"424",4879328,"Get Healthy, Stay Healthy' (GHSH)","no continued contact","waist circumference","continuous",FALSE,"comparator_mean",0.3,TRUE,98.58,TRUE,"FN"
"425",4879328,"Get Healthy, Stay Healthy' (GHSH)","no continued contact","waist circumference","continuous",FALSE,"comparator_standard_deviation",3.54,TRUE,NA,TRUE,"FN"
"426",4879328,"Get Healthy, Stay Healthy' (GHSH)","no continued contact","waist circumference","continuous",FALSE,"intervention_group_size",104,TRUE,103,TRUE,"FN"
"427",4879328,"Get Healthy, Stay Healthy' (GHSH)","no continued contact","waist circumference","continuous",FALSE,"intervention_mean",-0.89,TRUE,98.26,TRUE,"FN"
"428",4879328,"Get Healthy, Stay Healthy' (GHSH)","no continued contact","waist circumference","continuous",FALSE,"intervention_standard_deviation",3.32,TRUE,NA,TRUE,"FN"
"429",4879328,"Get Healthy, Stay Healthy' (GHSH)","no continued contact","weekly moderate physical activity sessions","continuous",FALSE,"comparator_mean",-0.68,TRUE,0.43,TRUE,"FN"
"430",4879328,"Get Healthy, Stay Healthy' (GHSH)","no continued contact","weekly moderate physical activity sessions","continuous",FALSE,"comparator_standard_deviation",2.32,TRUE,NA,TRUE,"FN"
"431",4879328,"Get Healthy, Stay Healthy' (GHSH)","no continued contact","weekly moderate physical activity sessions","continuous",FALSE,"intervention_mean",0.19,TRUE,1.79,TRUE,"FN"
"432",4879328,"Get Healthy, Stay Healthy' (GHSH)","no continued contact","weekly moderate physical activity sessions","continuous",FALSE,"intervention_standard_deviation",1.82,TRUE,NA,TRUE,"FN"
"433",4879328,"Get Healthy, Stay Healthy' (GHSH)","no continued contact","weight loss","continuous",FALSE,"comparator_mean",0.3,TRUE,83.1,TRUE,"FN"
"434",4879328,"Get Healthy, Stay Healthy' (GHSH)","no continued contact","weight loss","continuous",FALSE,"comparator_standard_deviation",3.54,TRUE,NA,TRUE,"FN"
"435",4879328,"Get Healthy, Stay Healthy' (GHSH)","no continued contact","weight loss","continuous",FALSE,"intervention_mean",-0.89,TRUE,82.71,TRUE,"FN"
"436",4879328,"Get Healthy, Stay Healthy' (GHSH)","no continued contact","weight loss","continuous",FALSE,"intervention_standard_deviation",3.33,TRUE,NA,TRUE,"FN"
"437",4880652,"fentanyl (1 µg/kg) and propofol","paracetamol (20 mg/kg) and propofol","Diastolic blood pressures at 5 minutes","continuous",TRUE,"comparator_mean",69,TRUE,NA,TRUE,"FN"
"438",4880652,"fentanyl (1 µg/kg) and propofol","paracetamol (20 mg/kg) and propofol","Diastolic blood pressures at 5 minutes","continuous",TRUE,"intervention_mean",64.5,TRUE,NA,TRUE,"FN"
"439",4880652,"fentanyl (1 µg/kg) and propofol","paracetamol (20 mg/kg) and propofol","SpO2 at 5 minutes","continuous",TRUE,"comparator_mean",99,TRUE,NA,TRUE,"FN"
"440",4880652,"fentanyl (1 µg/kg) and propofol","paracetamol (20 mg/kg) and propofol","SpO2 at 5 minutes","continuous",TRUE,"intervention_mean",97.8,TRUE,NA,TRUE,"FN"
"441",4880652,"fentanyl (1 µg/kg) and propofol","paracetamol (20 mg/kg) and propofol","diastolic blood pressure at 10 minutes","continuous",TRUE,"comparator_mean",69.9,TRUE,NA,TRUE,"FN"
"442",4880652,"fentanyl (1 µg/kg) and propofol","paracetamol (20 mg/kg) and propofol","diastolic blood pressure at 10 minutes","continuous",TRUE,"intervention_mean",67,TRUE,NA,TRUE,"FN"
"443",4880652,"fentanyl (1 µg/kg) and propofol","paracetamol (20 mg/kg) and propofol","heart rate at 0 minutes","continuous",TRUE,"comparator_mean",89.8,TRUE,NA,TRUE,"FN"
"444",4880652,"fentanyl (1 µg/kg) and propofol","paracetamol (20 mg/kg) and propofol","heart rate at 0 minutes","continuous",TRUE,"intervention_mean",93,TRUE,NA,TRUE,"FN"
"445",4880652,"fentanyl (1 µg/kg) and propofol","paracetamol (20 mg/kg) and propofol","oxygen saturation at 20 minutes","continuous",TRUE,"comparator_mean",98.8,TRUE,NA,TRUE,"FN"
"446",4880652,"fentanyl (1 µg/kg) and propofol","paracetamol (20 mg/kg) and propofol","oxygen saturation at 20 minutes","continuous",TRUE,"intervention_mean",98.6,TRUE,NA,TRUE,"FN"
"447",4880652,"fentanyl (1 µg/kg) and propofol","paracetamol (20 mg/kg) and propofol","systolic blood pressures at 20 minutes","continuous",TRUE,"comparator_mean",121,TRUE,NA,TRUE,"FN"
"448",4880652,"fentanyl (1 µg/kg) and propofol","paracetamol (20 mg/kg) and propofol","systolic blood pressures at 20 minutes","continuous",TRUE,"intervention_mean",118,TRUE,NA,TRUE,"FN"
"449",4880652,"fentanyl (1 µg/kg) and propofol","paracetamol (20 mg/kg) and propofol","systolic pressures at 0 minutes","continuous",TRUE,"comparator_mean",126,TRUE,NA,TRUE,"FN"
"450",4880652,"fentanyl (1 µg/kg) and propofol","paracetamol (20 mg/kg) and propofol","systolic pressures at 0 minutes","continuous",TRUE,"intervention_mean",128,TRUE,NA,TRUE,"FN"
"451",4928400,"Transperitoneal laparoscopic ureterolithotomy","Flexible ureteroscopy","Operative time","continuous",FALSE,"comparator_mean",78,TRUE,78.1,TRUE,"FN"
"452",4987981,"metformin","placebo","ESI","continuous",TRUE,"comparator_mean",2.3,TRUE,3.9,TRUE,"FN"
"453",4987981,"metformin","placebo","FPG","continuous",FALSE,"comparator_mean",97.6,TRUE,2.2,TRUE,"FN"
"454",4987981,"metformin","placebo","FPG","continuous",FALSE,"comparator_standard_deviation",20.8,TRUE,10,TRUE,"FN"
"455",4987981,"metformin","placebo","FPG","continuous",FALSE,"intervention_mean",101.9,TRUE,15.2,TRUE,"FN"
"456",4987981,"metformin","placebo","FPG","continuous",FALSE,"intervention_standard_deviation",35.1,TRUE,19.2,TRUE,"FN"
"457",4987981,"metformin","placebo","PASI","continuous",TRUE,"intervention_mean",3.9,TRUE,2.3,TRUE,"FN"
"458",4987981,"metformin","placebo","PGA","continuous",TRUE,"comparator_mean",1.3,TRUE,4.3,TRUE,"FN"
"459",4987981,"metformin","placebo","PGA","continuous",TRUE,"intervention_mean",2.3,TRUE,4.3,TRUE,"FN"
"460",4987981,"metformin","placebo","total cholesterol","continuous",FALSE,"comparator_mean",184.4,TRUE,1.4,TRUE,"FN"
"461",4987981,"metformin","placebo","total cholesterol","continuous",FALSE,"comparator_standard_deviation",37.5,TRUE,29.2,TRUE,"FN"
"462",4987981,"metformin","placebo","total cholesterol","continuous",FALSE,"intervention_mean",206.9,TRUE,21.8,TRUE,"FN"
"463",4987981,"metformin","placebo","total cholesterol","continuous",FALSE,"intervention_standard_deviation",36.2,TRUE,25.2,TRUE,"FN"
"464",4987981,"metformin","placebo","triglycerides levels","continuous",FALSE,"comparator_mean",181.8,TRUE,1.1,TRUE,"FN"
"465",4987981,"metformin","placebo","triglycerides levels","continuous",FALSE,"comparator_standard_deviation",61.3,TRUE,43.3,TRUE,"FN"
"466",4987981,"metformin","placebo","triglycerides levels","continuous",FALSE,"intervention_mean",194.3,TRUE,44.3,TRUE,"FN"
"467",4987981,"metformin","placebo","triglycerides levels","continuous",FALSE,"intervention_standard_deviation",63.1,TRUE,45.4,TRUE,"FN"
"468",4987981,"pioglitazone","placebo","ESI","continuous",TRUE,"comparator_mean",2.3,TRUE,3.9,TRUE,"FN"
"469",4987981,"pioglitazone","placebo","ESI","continuous",TRUE,"intervention_mean",4.3,TRUE,2.3,TRUE,"FN"
"470",4987981,"pioglitazone","placebo","FPG","continuous",FALSE,"comparator_mean",97.6,TRUE,2.2,TRUE,"FN"
"471",4987981,"pioglitazone","placebo","FPG","continuous",FALSE,"comparator_standard_deviation",20.8,TRUE,10,TRUE,"FN"
"472",4987981,"pioglitazone","placebo","FPG","continuous",FALSE,"intervention_mean",103.4,TRUE,20.5,TRUE,"FN"
"473",4987981,"pioglitazone","placebo","FPG","continuous",FALSE,"intervention_standard_deviation",28.9,TRUE,17.4,TRUE,"FN"
"474",4987981,"pioglitazone","placebo","PASI","continuous",TRUE,"intervention_mean",4.3,TRUE,1.3,TRUE,"FN"
"475",4987981,"pioglitazone","placebo","PGA","continuous",TRUE,"comparator_mean",1.3,TRUE,4.3,TRUE,"FN"
"476",4987981,"pioglitazone","placebo","total cholesterol","continuous",FALSE,"comparator_mean",184.4,TRUE,1.4,TRUE,"FN"
"477",4987981,"pioglitazone","placebo","total cholesterol","continuous",FALSE,"comparator_standard_deviation",37.5,TRUE,29.2,TRUE,"FN"
"478",4987981,"pioglitazone","placebo","total cholesterol","continuous",FALSE,"intervention_mean",207.2,TRUE,24,TRUE,"FN"
"479",4987981,"pioglitazone","placebo","total cholesterol","continuous",FALSE,"intervention_standard_deviation",42.3,TRUE,29.5,TRUE,"FN"
"480",4987981,"pioglitazone","placebo","triglycerides levels","continuous",FALSE,"comparator_mean",181.8,TRUE,1.1,TRUE,"FN"
"481",4987981,"pioglitazone","placebo","triglycerides levels","continuous",FALSE,"comparator_standard_deviation",61.3,TRUE,43.3,TRUE,"FN"
"482",4987981,"pioglitazone","placebo","triglycerides levels","continuous",FALSE,"intervention_mean",200.1,TRUE,53.3,TRUE,"FN"
"483",4987981,"pioglitazone","placebo","triglycerides levels","continuous",FALSE,"intervention_standard_deviation",55.9,TRUE,36.9,TRUE,"FN"
"484",4996097,"Septoplasty","Control","""a"" vowel improvement","continuous",FALSE,"comparator_mean",154,TRUE,NA,TRUE,"FN"
"485",4996097,"Septoplasty","Control","""a"" vowel improvement","continuous",FALSE,"intervention_mean",138,TRUE,NA,TRUE,"FN"
"486",4996097,"Septoplasty","Control","""n"" consonant improvement","continuous",FALSE,"comparator_mean",13229,TRUE,NA,TRUE,"FN"
"487",4996097,"Septoplasty","Control","""n"" consonant improvement","continuous",FALSE,"intervention_mean",11897,TRUE,NA,TRUE,"FN"
"488",5055753,"0.2 mg oral clonidine","2 mg oral midazolam","Mean ± SD of heart rate at 60 min","continuous",TRUE,"comparator_mean",87,TRUE,NA,TRUE,"FN"
"489",5055753,"0.2 mg oral clonidine","2 mg oral midazolam","Mean ± SD of heart rate at 60 min","continuous",TRUE,"intervention_mean",75,TRUE,NA,TRUE,"FN"
"490",5056957,"Multi-component physical activity","Usual PE and sport programmes","BMI reduction at 12 months","continuous",FALSE,"comparator_group_size",459,TRUE,440,TRUE,"FN"
"491",5056957,"Multi-component physical activity","Usual PE and sport programmes","BMI reduction at 12 months","continuous",FALSE,"comparator_mean",21.27,TRUE,21.04,TRUE,"FN"
"492",5056957,"Multi-component physical activity","Usual PE and sport programmes","BMI reduction at 12 months","continuous",FALSE,"comparator_standard_deviation",5.9,TRUE,3.76,TRUE,"FN"
"493",5056957,"Multi-component physical activity","Usual PE and sport programmes","BMI reduction at 12 months","continuous",FALSE,"intervention_group_size",592,TRUE,562,TRUE,"FN"
"494",5056957,"Multi-component physical activity","Usual PE and sport programmes","BMI reduction at 12 months","continuous",FALSE,"intervention_mean",21.07,TRUE,20.77,TRUE,"FN"
"495",5056957,"Multi-component physical activity","Usual PE and sport programmes","BMI reduction at 12 months","continuous",FALSE,"intervention_standard_deviation",6.39,TRUE,3.96,TRUE,"FN"
"496",5056957,"Multi-component physical activity","Usual PE and sport programmes","BMI reduction at 24 months","continuous",FALSE,"comparator_group_size",425,TRUE,409,TRUE,"FN"
"497",5056957,"Multi-component physical activity","Usual PE and sport programmes","BMI reduction at 24 months","continuous",FALSE,"comparator_mean",22.06,TRUE,21.9,TRUE,"FN"
"498",5056957,"Multi-component physical activity","Usual PE and sport programmes","BMI reduction at 24 months","continuous",FALSE,"comparator_standard_deviation",5.68,TRUE,4.33,TRUE,"FN"
"499",5056957,"Multi-component physical activity","Usual PE and sport programmes","BMI reduction at 24 months","continuous",FALSE,"intervention_group_size",560,TRUE,547,TRUE,"FN"
"500",5056957,"Multi-component physical activity","Usual PE and sport programmes","BMI reduction at 24 months","continuous",FALSE,"intervention_mean",21.86,TRUE,21.64,TRUE,"FN"
"501",5056957,"Multi-component physical activity","Usual PE and sport programmes","BMI reduction at 24 months","continuous",FALSE,"intervention_standard_deviation",6.22,TRUE,4.06,TRUE,"FN"
"502",5056957,"Multi-component physical activity","Usual PE and sport programmes","BMI z-score at 12months","continuous",FALSE,"comparator_group_size",459,TRUE,406,TRUE,"FN"
"503",5056957,"Multi-component physical activity","Usual PE and sport programmes","BMI z-score at 12months","continuous",FALSE,"comparator_mean",0.66,TRUE,0.61,TRUE,"FN"
"504",5056957,"Multi-component physical activity","Usual PE and sport programmes","BMI z-score at 12months","continuous",FALSE,"comparator_standard_deviation",1.69,TRUE,1.13,TRUE,"FN"
"505",5056957,"Multi-component physical activity","Usual PE and sport programmes","BMI z-score at 12months","continuous",FALSE,"intervention_group_size",592,TRUE,502,TRUE,"FN"
"506",5056957,"Multi-component physical activity","Usual PE and sport programmes","BMI z-score at 12months","continuous",FALSE,"intervention_mean",0.61,TRUE,0.55,TRUE,"FN"
"507",5056957,"Multi-component physical activity","Usual PE and sport programmes","BMI z-score at 12months","continuous",FALSE,"intervention_standard_deviation",1.8,TRUE,1.11,TRUE,"FN"
"508",5056957,"Multi-component physical activity","Usual PE and sport programmes","BMI z-score at 24 months","continuous",FALSE,"comparator_group_size",425,TRUE,343,TRUE,"FN"
"509",5056957,"Multi-component physical activity","Usual PE and sport programmes","BMI z-score at 24 months","continuous",FALSE,"comparator_mean",0.71,TRUE,0.72,TRUE,"FN"
"510",5056957,"Multi-component physical activity","Usual PE and sport programmes","BMI z-score at 24 months","continuous",FALSE,"comparator_standard_deviation",1.63,TRUE,1.09,TRUE,"FN"
"511",5056957,"Multi-component physical activity","Usual PE and sport programmes","BMI z-score at 24 months","continuous",FALSE,"intervention_group_size",560,TRUE,488,TRUE,"FN"
"512",5056957,"Multi-component physical activity","Usual PE and sport programmes","BMI z-score at 24 months","continuous",FALSE,"intervention_mean",0.69,TRUE,0.65,TRUE,"FN"
"513",5056957,"Multi-component physical activity","Usual PE and sport programmes","BMI z-score at 24 months","continuous",FALSE,"intervention_standard_deviation",1.81,TRUE,1.12,TRUE,"FN"
"514",5056957,"Multi-component physical activity","Usual PE and sport programmes","Weight reduction at 12 months","continuous",FALSE,"comparator_group_size",459,TRUE,440,TRUE,"FN"
"515",5056957,"Multi-component physical activity","Usual PE and sport programmes","Weight reduction at 12 months","continuous",FALSE,"comparator_mean",56.48,TRUE,55.96,TRUE,"FN"
"516",5056957,"Multi-component physical activity","Usual PE and sport programmes","Weight reduction at 12 months","continuous",FALSE,"comparator_standard_deviation",14.76,TRUE,12.6,TRUE,"FN"
"517",5056957,"Multi-component physical activity","Usual PE and sport programmes","Weight reduction at 12 months","continuous",FALSE,"intervention_group_size",592,TRUE,562,TRUE,"FN"
"518",5056957,"Multi-component physical activity","Usual PE and sport programmes","Weight reduction at 12 months","continuous",FALSE,"intervention_mean",55.91,TRUE,55.22,TRUE,"FN"
"519",5056957,"Multi-component physical activity","Usual PE and sport programmes","Weight reduction at 12 months","continuous",FALSE,"intervention_standard_deviation",15.64,TRUE,12.51,TRUE,"FN"
"520",5056957,"Multi-component physical activity","Usual PE and sport programmes","Weight reduction at 24 months","continuous",FALSE,"comparator_group_size",425,TRUE,410,TRUE,"FN"
"521",5056957,"Multi-component physical activity","Usual PE and sport programmes","Weight reduction at 24 months","continuous",FALSE,"comparator_mean",61.94,TRUE,61.5,TRUE,"FN"
"522",5056957,"Multi-component physical activity","Usual PE and sport programmes","Weight reduction at 24 months","continuous",FALSE,"comparator_standard_deviation",14.25,TRUE,13.23,TRUE,"FN"
"523",5056957,"Multi-component physical activity","Usual PE and sport programmes","Weight reduction at 24 months","continuous",FALSE,"intervention_group_size",560,TRUE,547,TRUE,"FN"
"524",5056957,"Multi-component physical activity","Usual PE and sport programmes","Weight reduction at 24 months","continuous",FALSE,"intervention_mean",61.08,TRUE,60.52,TRUE,"FN"
"525",5056957,"Multi-component physical activity","Usual PE and sport programmes","Weight reduction at 24 months","continuous",FALSE,"intervention_standard_deviation",15.15,TRUE,12.72,TRUE,"FN"
"526",5079604,"metformin 1,000 mg daily","sitagliptin 100 mg daily","hyperglycemia relapse-free survival","continuous",TRUE,"comparator_mean",58,TRUE,NA,TRUE,"FN"
"527",5079604,"metformin 1,000 mg daily","sitagliptin 100 mg daily","hyperglycemia relapse-free survival","continuous",TRUE,"intervention_mean",65,TRUE,NA,TRUE,"FN"
"528",5079604,"metformin 1,000 mg daily, sitagliptin 100 mg daily","placebo","Hyperglycemia relapse-free survival","continuous",TRUE,"comparator_mean",21,TRUE,NA,TRUE,"FN"
"529",5079604,"metformin 1,000 mg daily, sitagliptin 100 mg daily","placebo","Hyperglycemia relapse-free survival","continuous",TRUE,"intervention_mean",65,TRUE,NA,TRUE,"FN"
"530",5079604,"metformin 1,000 mg daily, sitagliptin 100 mg daily","placebo","The 2-year failure rate","binary",TRUE,"comparator_events",12,TRUE,NA,TRUE,"FN"
"531",5079604,"metformin 1,000 mg daily, sitagliptin 100 mg daily","placebo","The 2-year failure rate","binary",TRUE,"intervention_events",13,TRUE,NA,TRUE,"FN"
"532",5079604,"metformin 1,000 mg daily, sitagliptin 100 mg daily","placebo","The probability of relapse","binary",FALSE,"comparator_events",11,TRUE,NA,TRUE,"FN"
"533",5079604,"metformin 1,000 mg daily, sitagliptin 100 mg daily","placebo","The probability of relapse","binary",FALSE,"intervention_events",9,TRUE,NA,TRUE,"FN"
"534",5079604,"subjects who remained in remission","patients with hyperglycemia relapse without significant changes in insulin sensitivity (Si)","Disposition index (DI)","continuous",TRUE,"comparator_mean",0.6,TRUE,NA,TRUE,"FN"
"535",5079604,"subjects who remained in remission","patients with hyperglycemia relapse without significant changes in insulin sensitivity (Si)","Disposition index (DI)","continuous",TRUE,"intervention_mean",1.8,TRUE,NA,TRUE,"FN"
"536",5079604,"subjects who remained in remission","patients with hyperglycemia relapse without significant changes in insulin sensitivity (Si)","incremental area under the curve for insulin (AUCi)","continuous",TRUE,"comparator_mean",2900,TRUE,NA,TRUE,"FN"
"537",5079604,"subjects who remained in remission","patients with hyperglycemia relapse without significant changes in insulin sensitivity (Si)","incremental area under the curve for insulin (AUCi)","continuous",TRUE,"intervention_mean",7900,TRUE,NA,TRUE,"FN"
"538",5086025,"Intuitive Eating and Acceptance and Commitment Therapy","Control","BMI","continuous",FALSE,"comparator_group_size",26,TRUE,NA,TRUE,"FN"
"539",5086025,"Intuitive Eating and Acceptance and Commitment Therapy","Control","BMI","continuous",FALSE,"comparator_mean",32.93,TRUE,NA,TRUE,"FN"
"540",5086025,"Intuitive Eating and Acceptance and Commitment Therapy","Control","BMI","continuous",FALSE,"comparator_standard_deviation",4.85,TRUE,NA,TRUE,"FN"
"541",5086025,"Intuitive Eating and Acceptance and Commitment Therapy","Control","Binge eating","binary",FALSE,"comparator_events",14,TRUE,NA,TRUE,"FN"
"542",5086025,"Intuitive Eating and Acceptance and Commitment Therapy","Control","Binge eating","binary",FALSE,"comparator_group_size",26,TRUE,NA,TRUE,"FN"
"543",5086025,"Intuitive Eating and Acceptance and Commitment Therapy","Control","General mental health","continuous",FALSE,"comparator_group_size",26,TRUE,NA,TRUE,"FN"
"544",5086025,"Intuitive Eating and Acceptance and Commitment Therapy","Control","General mental health","continuous",FALSE,"comparator_mean",45.63,TRUE,NA,TRUE,"FN"
"545",5086025,"Intuitive Eating and Acceptance and Commitment Therapy","Control","General mental health","continuous",FALSE,"comparator_standard_deviation",6.31,TRUE,NA,TRUE,"FN"
"546",5086025,"Intuitive Eating and Acceptance and Commitment Therapy","Control","General physical health","continuous",FALSE,"comparator_group_size",26,TRUE,NA,TRUE,"FN"
"547",5086025,"Intuitive Eating and Acceptance and Commitment Therapy","Control","General physical health","continuous",FALSE,"comparator_mean",50.46,TRUE,NA,TRUE,"FN"
"548",5086025,"Intuitive Eating and Acceptance and Commitment Therapy","Control","General physical health","continuous",FALSE,"comparator_standard_deviation",7.83,TRUE,NA,TRUE,"FN"
"549",5086025,"Intuitive Eating and Acceptance and Commitment Therapy","Control","Intuitive eating total score","continuous",FALSE,"comparator_group_size",26,TRUE,NA,TRUE,"FN"
"550",5086025,"Intuitive Eating and Acceptance and Commitment Therapy","Control","Intuitive eating total score","continuous",FALSE,"comparator_mean",2.54,TRUE,NA,TRUE,"FN"
"551",5086025,"Intuitive Eating and Acceptance and Commitment Therapy","Control","Intuitive eating total score","continuous",FALSE,"comparator_standard_deviation",0.58,TRUE,NA,TRUE,"FN"
"552",5086025,"Intuitive Eating and Acceptance and Commitment Therapy","Control","Psychological flexibility","continuous",FALSE,"comparator_group_size",26,TRUE,NA,TRUE,"FN"
"553",5086025,"Intuitive Eating and Acceptance and Commitment Therapy","Control","Psychological flexibility","continuous",FALSE,"comparator_mean",22.46,TRUE,NA,TRUE,"FN"
"554",5086025,"Intuitive Eating and Acceptance and Commitment Therapy","Control","Psychological flexibility","continuous",FALSE,"comparator_standard_deviation",8.67,TRUE,NA,TRUE,"FN"
"555",5122613,"Digestion-resistant maltodextrin","Placebo","Adverse events","binary",FALSE,"comparator_events",0,TRUE,2,TRUE,"FN"
"556",5122613,"Digestion-resistant maltodextrin","Placebo","Adverse events","binary",FALSE,"intervention_events",0,TRUE,4,TRUE,"FN"
"557",5154016,"Collagen hemostatic sponge","Gelatin sponge","24 h drainage volume","continuous",FALSE,"comparator_group_size",30,TRUE,32,TRUE,"FN"
"558",5154016,"Collagen hemostatic sponge","Gelatin sponge","Second 24 h drainage volume","continuous",FALSE,"comparator_group_size",30,TRUE,32,TRUE,"FN"
"559",5154016,"Collagen hemostatic sponge","Gelatin sponge","Total drainage volume","continuous",FALSE,"comparator_group_size",30,TRUE,32,TRUE,"FN"
"560",5154016,"Stypro hemostatic sponge","Gelatin sponge","Second 24 h drainage volume","continuous",FALSE,"comparator_group_size",30,TRUE,32,TRUE,"FN"
"561",5154016,"Stypro hemostatic sponge","Gelatin sponge","Total drainage volume","continuous",FALSE,"comparator_group_size",30,TRUE,32,TRUE,"FN"
"562",5325897,"Evaluation with feedback","Evaluation without feedback","Final test results","continuous",FALSE,"comparator_mean",18.99,TRUE,18.93,TRUE,"FN"
"563",5325897,"Evaluation with feedback","Evaluation without feedback","Final test results","continuous",FALSE,"comparator_standard_deviation",0.22,TRUE,0.96,TRUE,"FN"
"564",5325897,"Evaluation with feedback","Evaluation without feedback","Final test results","continuous",FALSE,"intervention_standard_deviation",0.22,TRUE,0.74,TRUE,"FN"
"565",5325897,"Evaluation with feedback","Evaluation without feedback","First test results","continuous",FALSE,"comparator_standard_deviation",0.77,TRUE,2.94,TRUE,"FN"
"566",5325897,"Evaluation with feedback","Evaluation without feedback","First test results","continuous",FALSE,"intervention_mean",10.24,TRUE,10.26,TRUE,"FN"
"567",5325897,"Evaluation with feedback","Evaluation without feedback","First test results","continuous",FALSE,"intervention_standard_deviation",0.77,TRUE,2.99,TRUE,"FN"
"568",5325897,"Evaluation with feedback","Evaluation without feedback","Second test results","continuous",FALSE,"comparator_standard_deviation",0.47,TRUE,2.29,TRUE,"FN"
"569",5325897,"Evaluation with feedback","Evaluation without feedback","Second test results","continuous",FALSE,"intervention_standard_deviation",0.46,TRUE,1.09,TRUE,"FN"
"570",5360580,"1 mg/day of Pls purified from scallop","placebo","Plasma PlsPE","continuous",FALSE,"comparator_group_size",131,TRUE,140,TRUE,"FN"
"571",5360580,"1 mg/day of Pls purified from scallop","placebo","Plasma PlsPE","continuous",FALSE,"comparator_mean",-0.63,TRUE,3.93,TRUE,"FN"
"572",5360580,"1 mg/day of Pls purified from scallop","placebo","Plasma PlsPE","continuous",FALSE,"comparator_standard_deviation",1.08,TRUE,1.28,TRUE,"FN"
"573",5360580,"1 mg/day of Pls purified from scallop","placebo","Plasma PlsPE","continuous",FALSE,"intervention_group_size",138,TRUE,145,TRUE,"FN"
"574",5360580,"1 mg/day of Pls purified from scallop","placebo","Plasma PlsPE","continuous",FALSE,"intervention_mean",-0.59,TRUE,3.65,TRUE,"FN"
"575",5360580,"1 mg/day of Pls purified from scallop","placebo","Plasma PlsPE","continuous",FALSE,"intervention_standard_deviation",1.11,TRUE,1.31,TRUE,"FN"
"576",5360580,"1 mg/day of Pls purified from scallop","placebo","WMS-R (0 min)","continuous",FALSE,"comparator_group_size",24,TRUE,140,TRUE,"FN"
"577",5360580,"1 mg/day of Pls purified from scallop","placebo","WMS-R (0 min)","continuous",FALSE,"comparator_mean",1.08,TRUE,4.34,TRUE,"FN"
"578",5360580,"1 mg/day of Pls purified from scallop","placebo","WMS-R (0 min)","continuous",FALSE,"comparator_standard_deviation",1.55,TRUE,4.03,TRUE,"FN"
"579",5360580,"1 mg/day of Pls purified from scallop","placebo","WMS-R (0 min)","continuous",FALSE,"intervention_group_size",24,TRUE,145,TRUE,"FN"
"580",5360580,"1 mg/day of Pls purified from scallop","placebo","WMS-R (0 min)","continuous",FALSE,"intervention_mean",1.29,TRUE,4.21,TRUE,"FN"
"581",5360580,"1 mg/day of Pls purified from scallop","placebo","WMS-R (0 min)","continuous",FALSE,"intervention_standard_deviation",3.14,TRUE,3.71,TRUE,"FN"
"582",5360580,"1 mg/day of Pls purified from scallop","placebo","WMS-R (30 min) In the patients aged 77 years or younger,","continuous",FALSE,"comparator_standard_deviation",0.96,TRUE,NA,TRUE,"FN"
"583",5360580,"1 mg/day of Pls purified from scallop","placebo","WMS-R (30 min) In the patients aged 77 years or younger,","continuous",FALSE,"intervention_standard_deviation",3.87,TRUE,NA,TRUE,"FN"
"584",5360580,"1 mg/day of Pls purified from scallop","placebo","occurrence of adverse events","binary",FALSE,"comparator_events",35,TRUE,NA,TRUE,"FN"
"585",5360580,"1 mg/day of Pls purified from scallop","placebo","occurrence of adverse events","binary",FALSE,"intervention_events",39,TRUE,NA,TRUE,"FN"
"586",5380326,"Vitamin D supplementation","Control","Dipeptidyl peptidase-4","continuous",FALSE,"intervention_mean",NA,TRUE,6032.37,TRUE,"FP"
"587",5380326,"Vitamin D supplementation","Control","Th1/Th2 cytokines","continuous",FALSE,"comparator_group_size",40,TRUE,NA,TRUE,"FN"
"588",5380326,"Vitamin D supplementation","Control","Th1/Th2 cytokines","continuous",FALSE,"intervention_group_size",40,TRUE,NA,TRUE,"FN"
"589",5419060,"Phlebotomy training programme","Control","Phlebotomy questionnaire score: CDC C","continuous",FALSE,"comparator_group_size",23,TRUE,7,TRUE,"FN"
"590",5419060,"Phlebotomy training programme","Control","Phlebotomy questionnaire score: CDC C","continuous",FALSE,"comparator_standard_deviation",5.25,TRUE,NA,TRUE,"FN"
"591",5419060,"Phlebotomy training programme","Control","Phlebotomy questionnaire score: CDC C","continuous",FALSE,"intervention_group_size",23,TRUE,7,TRUE,"FN"
"592",5419060,"Phlebotomy training programme","Control","Phlebotomy questionnaire score: CDC C","continuous",FALSE,"intervention_standard_deviation",3.85,TRUE,NA,TRUE,"FN"
"593",5419060,"Phlebotomy training programme","Control","Phlebotomy questionnaire score: CDC D","continuous",FALSE,"comparator_group_size",23,TRUE,4,TRUE,"FN"
"594",5419060,"Phlebotomy training programme","Control","Phlebotomy questionnaire score: CDC D","continuous",FALSE,"comparator_standard_deviation",4.31,TRUE,NA,TRUE,"FN"
"595",5419060,"Phlebotomy training programme","Control","Phlebotomy questionnaire score: CDC D","continuous",FALSE,"intervention_group_size",23,TRUE,4,TRUE,"FN"
"596",5419060,"Phlebotomy training programme","Control","Phlebotomy questionnaire score: CDC D","continuous",FALSE,"intervention_standard_deviation",1.21,TRUE,NA,TRUE,"FN"
"597",5419060,"Phlebotomy training programme","Control","Phlebotomy questionnaire score: CHC A","continuous",FALSE,"comparator_group_size",23,TRUE,5,TRUE,"FN"
"598",5419060,"Phlebotomy training programme","Control","Phlebotomy questionnaire score: CHC A","continuous",FALSE,"comparator_standard_deviation",12.31,TRUE,NA,TRUE,"FN"
"599",5419060,"Phlebotomy training programme","Control","Phlebotomy questionnaire score: CHC A","continuous",FALSE,"intervention_group_size",23,TRUE,5,TRUE,"FN"
"600",5419060,"Phlebotomy training programme","Control","Phlebotomy questionnaire score: CHC A","continuous",FALSE,"intervention_standard_deviation",3.89,TRUE,NA,TRUE,"FN"
"601",5419060,"Phlebotomy training programme","Control","Phlebotomy questionnaire score: CHC B","continuous",FALSE,"comparator_group_size",23,TRUE,7,TRUE,"FN"
"602",5419060,"Phlebotomy training programme","Control","Phlebotomy questionnaire score: CHC B","continuous",FALSE,"comparator_standard_deviation",7.12,TRUE,NA,TRUE,"FN"
"603",5419060,"Phlebotomy training programme","Control","Phlebotomy questionnaire score: CHC B","continuous",FALSE,"intervention_group_size",23,TRUE,7,TRUE,"FN"
"604",5419060,"Phlebotomy training programme","Control","Phlebotomy questionnaire score: CHC B","continuous",FALSE,"intervention_standard_deviation",1.37,TRUE,NA,TRUE,"FN"
"605",5459456,"ACVC-HA - artificial cervical vertebra and intervertebral complex (ACVC) with an HA biocoating","ACVC","new bone formation around the screws and bone-implant contact (BIC) in both sections","continuous",TRUE,"comparator_group_size",8,TRUE,NA,TRUE,"FN"
"606",5459456,"ACVC-HA - artificial cervical vertebra and intervertebral complex (ACVC) with an HA biocoating","ACVC","new bone formation around the screws and bone-implant contact (BIC) in both sections","continuous",TRUE,"intervention_group_size",8,TRUE,NA,TRUE,"FN"
"607",5459456,"ACVC-HA - artificial cervical vertebra and intervertebral complex (ACVC) with an HA biocoating or ACVC","anterior cervical corpectomy and fusion (ACCF)","Flexion-Extension stiffness of C2-4","continuous",FALSE,"comparator_mean",7.47,TRUE,7.2,TRUE,"FN"
"608",5459456,"ACVC-HA - artificial cervical vertebra and intervertebral complex (ACVC) with an HA biocoating or ACVC","anterior cervical corpectomy and fusion (ACCF)","Flexion-Extension stiffness of C2-4","continuous",FALSE,"comparator_standard_deviation",1.45,TRUE,1.33,TRUE,"FN"
"609",5459456,"ACVC-HA - artificial cervical vertebra and intervertebral complex (ACVC) with an HA biocoating or ACVC","anterior cervical corpectomy and fusion (ACCF)","Flexion-Extension stiffness of C2-4","continuous",FALSE,"intervention_mean",0.34,TRUE,0.33,TRUE,"FN"
"610",5459456,"ACVC-HA - artificial cervical vertebra and intervertebral complex (ACVC) with an HA biocoating or ACVC","anterior cervical corpectomy and fusion (ACCF)","Flexion-Extension stiffness of C2-4","continuous",FALSE,"intervention_standard_deviation",0.12,TRUE,0.11,TRUE,"FN"
"611",5459456,"ACVC-HA - artificial cervical vertebra and intervertebral complex (ACVC) with an HA biocoating or ACVC","anterior cervical corpectomy and fusion (ACCF)","Lateral bending stiffness of C2-4","continuous",FALSE,"comparator_mean",2.67,TRUE,2.53,TRUE,"FN"
"612",5459456,"ACVC-HA - artificial cervical vertebra and intervertebral complex (ACVC) with an HA biocoating or ACVC","anterior cervical corpectomy and fusion (ACCF)","Lateral bending stiffness of C2-4","continuous",FALSE,"comparator_standard_deviation",0.68,TRUE,0.67,TRUE,"FN"
"613",5459456,"ACVC-HA - artificial cervical vertebra and intervertebral complex (ACVC) with an HA biocoating or ACVC","anterior cervical corpectomy and fusion (ACCF)","Lateral bending stiffness of C2-4","continuous",FALSE,"intervention_standard_deviation",0.02,TRUE,0.01,TRUE,"FN"
"614",5459456,"ACVC-HA - artificial cervical vertebra and intervertebral complex (ACVC) with an HA biocoating or ACVC","anterior cervical corpectomy and fusion (ACCF)","Rotation stiffness of C2-4","continuous",FALSE,"comparator_mean",1.62,TRUE,1.53,TRUE,"FN"
"615",5459456,"ACVC-HA - artificial cervical vertebra and intervertebral complex (ACVC) with an HA biocoating or ACVC","anterior cervical corpectomy and fusion (ACCF)","Rotation stiffness of C2-4","continuous",FALSE,"comparator_standard_deviation",0.47,TRUE,0.42,TRUE,"FN"
"616",5459456,"some portion of therapy outside of the hospital (CoPAT)","full course of therapy in the hospital setting","number of days with received courses of antibiotics","continuous",FALSE,"comparator_group_size",97,TRUE,NA,TRUE,"FN"
"617",5459456,"some portion of therapy outside of the hospital (CoPAT)","full course of therapy in the hospital setting","number of days with received courses of antibiotics","continuous",FALSE,"comparator_mean",13.5,TRUE,NA,TRUE,"FN"
"618",5459456,"some portion of therapy outside of the hospital (CoPAT)","full course of therapy in the hospital setting","number of days with received courses of antibiotics","continuous",FALSE,"comparator_standard_deviation",9.49,TRUE,NA,TRUE,"FN"
"619",5459456,"some portion of therapy outside of the hospital (CoPAT)","full course of therapy in the hospital setting","number of days with received courses of antibiotics","continuous",FALSE,"intervention_group_size",103,TRUE,NA,TRUE,"FN"
"620",5459456,"some portion of therapy outside of the hospital (CoPAT)","full course of therapy in the hospital setting","number of days with received courses of antibiotics","continuous",FALSE,"intervention_mean",25.4,TRUE,NA,TRUE,"FN"
"621",5459456,"some portion of therapy outside of the hospital (CoPAT)","full course of therapy in the hospital setting","number of days with received courses of antibiotics","continuous",FALSE,"intervention_standard_deviation",23.34,TRUE,NA,TRUE,"FN"
"622",5534041,"left dorsolateral prefrontal cortex (DLPFC) anodal transcranial direct current stimulation (tDCS)","sham stimulation","overall working memory (WM) performance in autism spectrum disorder (ASD)","continuous",FALSE,"comparator_mean",4.8,TRUE,-0.25,TRUE,"FN"
"623",5534041,"left dorsolateral prefrontal cortex (DLPFC) anodal transcranial direct current stimulation (tDCS)","sham stimulation","overall working memory (WM) performance in autism spectrum disorder (ASD)","continuous",FALSE,"comparator_standard_deviation",0.9,TRUE,0.71,TRUE,"FN"
"624",5534041,"left dorsolateral prefrontal cortex (DLPFC) anodal transcranial direct current stimulation (tDCS)","sham stimulation","overall working memory (WM) performance in autism spectrum disorder (ASD)","continuous",FALSE,"intervention_mean",6.2,TRUE,0.13,TRUE,"FN"
"625",5534041,"left dorsolateral prefrontal cortex (DLPFC) anodal transcranial direct current stimulation (tDCS)","sham stimulation","overall working memory (WM) performance in autism spectrum disorder (ASD)","continuous",FALSE,"intervention_standard_deviation",1.8,TRUE,0.82,TRUE,"FN"
"626",5534041,"right dorsolateral prefrontal cortex (DLPFC) anodal transcranial direct current stimulation (tDCS)","left dorsolateral prefrontal cortex (DLPFC) anodal transcranial direct current stimulation (tDCS)","overall working memory (WM) performance in autism spectrum disorder (ASD)","continuous",FALSE,"comparator_mean",6.2,TRUE,0.13,TRUE,"FN"
"627",5534041,"right dorsolateral prefrontal cortex (DLPFC) anodal transcranial direct current stimulation (tDCS)","left dorsolateral prefrontal cortex (DLPFC) anodal transcranial direct current stimulation (tDCS)","overall working memory (WM) performance in autism spectrum disorder (ASD)","continuous",FALSE,"comparator_standard_deviation",1.8,TRUE,0.82,TRUE,"FN"
"628",5534041,"right dorsolateral prefrontal cortex (DLPFC) anodal transcranial direct current stimulation (tDCS)","left dorsolateral prefrontal cortex (DLPFC) anodal transcranial direct current stimulation (tDCS)","overall working memory (WM) performance in autism spectrum disorder (ASD)","continuous",FALSE,"intervention_mean",6,TRUE,0.11,TRUE,"FN"
"629",5534041,"right dorsolateral prefrontal cortex (DLPFC) anodal transcranial direct current stimulation (tDCS)","left dorsolateral prefrontal cortex (DLPFC) anodal transcranial direct current stimulation (tDCS)","overall working memory (WM) performance in autism spectrum disorder (ASD)","continuous",FALSE,"intervention_standard_deviation",0.9,TRUE,0.81,TRUE,"FN"
"630",5534041,"right dorsolateral prefrontal cortex (DLPFC) anodal transcranial direct current stimulation (tDCS)","sham stimulation","overall working memory (WM) performance in autism spectrum disorder (ASD)","continuous",FALSE,"comparator_mean",4.8,TRUE,-0.25,TRUE,"FN"
"631",5534041,"right dorsolateral prefrontal cortex (DLPFC) anodal transcranial direct current stimulation (tDCS)","sham stimulation","overall working memory (WM) performance in autism spectrum disorder (ASD)","continuous",FALSE,"comparator_standard_deviation",0.9,TRUE,0.71,TRUE,"FN"
"632",5534041,"right dorsolateral prefrontal cortex (DLPFC) anodal transcranial direct current stimulation (tDCS)","sham stimulation","overall working memory (WM) performance in autism spectrum disorder (ASD)","continuous",FALSE,"intervention_mean",6,TRUE,0.11,TRUE,"FN"
"633",5534041,"right dorsolateral prefrontal cortex (DLPFC) anodal transcranial direct current stimulation (tDCS)","sham stimulation","overall working memory (WM) performance in autism spectrum disorder (ASD)","continuous",FALSE,"intervention_standard_deviation",0.9,TRUE,0.81,TRUE,"FN"
"634",5541727,"Allogeneic mesenchymal precursor cells","Control","Activities of daily living","continuous",TRUE,"comparator_group_size",6,TRUE,NA,TRUE,"FN"
"635",5541727,"Allogeneic mesenchymal precursor cells","Control","Activities of daily living","continuous",TRUE,"intervention_group_size",11,TRUE,NA,TRUE,"FN"
"636",5541727,"Allogeneic mesenchymal precursor cells","Control","SF-36 bodily pain score","continuous",TRUE,"comparator_group_size",6,TRUE,NA,TRUE,"FN"
"637",5541727,"Allogeneic mesenchymal precursor cells","Control","SF-36 bodily pain score","continuous",TRUE,"intervention_group_size",11,TRUE,NA,TRUE,"FN"
"638",5541727,"Allogeneic mesenchymal precursor cells","Control","Symptoms","continuous",TRUE,"comparator_group_size",6,TRUE,NA,TRUE,"FN"
"639",5541727,"Allogeneic mesenchymal precursor cells","Control","Symptoms","continuous",TRUE,"intervention_group_size",11,TRUE,NA,TRUE,"FN"
"640",5541727,"Allogeneic mesenchymal precursor cells","Control","Tibial bone expansion","continuous",FALSE,"comparator_group_size",6,TRUE,4,TRUE,"FN"
"641",5541727,"Allogeneic mesenchymal precursor cells","Control","Tibial bone expansion","continuous",FALSE,"intervention_group_size",11,TRUE,6,TRUE,"FN"
"642",5541727,"Allogeneic mesenchymal precursor cells","Control","lateral tibial cartilage volume loss","continuous",FALSE,"comparator_group_size",6,TRUE,4,TRUE,"FN"
"643",5541727,"Allogeneic mesenchymal precursor cells","Control","lateral tibial cartilage volume loss","continuous",FALSE,"intervention_group_size",11,TRUE,6,TRUE,"FN"
"644",5541727,"Allogeneic mesenchymal precursor cells","Control","medial tibial cartilage volume loss","continuous",FALSE,"comparator_group_size",6,TRUE,4,TRUE,"FN"
"645",5541727,"Allogeneic mesenchymal precursor cells","Control","medial tibial cartilage volume loss","continuous",FALSE,"intervention_group_size",11,TRUE,6,TRUE,"FN"
"646",5559992,"Buprenophine 32 mg","No treatment","Anxiety","continuous",FALSE,"comparator_group_size",5,TRUE,NA,TRUE,"FN"
"647",5559992,"Buprenophine 32 mg","No treatment","Anxiety","continuous",FALSE,"comparator_mean",11,TRUE,NA,TRUE,"FN"
"648",5559992,"Buprenophine 32 mg","No treatment","Anxiety","continuous",FALSE,"comparator_standard_deviation",8.63,TRUE,NA,TRUE,"FN"
"649",5559992,"Buprenophine 64 mg","Buprenophine 96 mg","Anxiety","continuous",FALSE,"intervention_mean",0,TRUE,1.25,TRUE,"FN"
"650",5559992,"Buprenophine 64 mg","Buprenophine 96 mg","Anxiety","continuous",FALSE,"intervention_standard_deviation",0,TRUE,2.5,TRUE,"FN"
"651",5559992,"Buprenophine 64 mg","No treatment","Anxiety","continuous",FALSE,"comparator_group_size",4,TRUE,NA,TRUE,"FN"
"652",5559992,"Buprenophine 64 mg","No treatment","Anxiety","continuous",FALSE,"comparator_mean",26.5,TRUE,NA,TRUE,"FN"
"653",5559992,"Buprenophine 64 mg","No treatment","Anxiety","continuous",FALSE,"comparator_standard_deviation",14.7,TRUE,NA,TRUE,"FN"
"654",5559992,"Buprenophine 96 mg","No treatment","Anxiety","continuous",FALSE,"comparator_group_size",5,TRUE,NA,TRUE,"FN"
"655",5559992,"Buprenophine 96 mg","No treatment","Anxiety","continuous",FALSE,"comparator_mean",23.8,TRUE,NA,TRUE,"FN"
"656",5559992,"Buprenophine 96 mg","No treatment","Anxiety","continuous",FALSE,"comparator_standard_deviation",13.82,TRUE,NA,TRUE,"FN"
"657",5571493,"Dw 5%+ Quinine infusion","Dw 5% without Quinine infusion","QT interval","continuous",FALSE,"comparator_group_size",10,TRUE,NA,TRUE,"FN"
"658",5571493,"Dw 5%+ Quinine infusion","Dw 5% without Quinine infusion","QT interval","continuous",FALSE,"intervention_group_size",10,TRUE,NA,TRUE,"FN"
"659",5571493,"Saline + Quinine infusion","Saline without Quinine infusion","Hypoglycemia","continuous",FALSE,"comparator_group_size",10,TRUE,NA,TRUE,"FN"
"660",5571493,"Saline + Quinine infusion","Saline without Quinine infusion","Hypoglycemia","continuous",FALSE,"intervention_group_size",10,TRUE,NA,TRUE,"FN"
"661",5571493,"Saline + Quinine infusion","Saline without Quinine infusion","QT interval","continuous",FALSE,"comparator_group_size",10,TRUE,NA,TRUE,"FN"
"662",5571493,"Saline + Quinine infusion","Saline without Quinine infusion","QT interval","continuous",FALSE,"intervention_group_size",10,TRUE,NA,TRUE,"FN"
"663",5614421,"vaginal progesterone pessaries (equivalent to 100 mg vaginal progesterone)","placebo","other respiratory morbidities","binary",FALSE,"comparator_group_size",388,TRUE,NA,TRUE,"FN"
"664",5614421,"vaginal progesterone pessaries (equivalent to 100 mg vaginal progesterone)","placebo","other respiratory morbidities","binary",FALSE,"intervention_group_size",402,TRUE,NA,TRUE,"FN"
"665",5614421,"vaginal progesterone pessaries (equivalent to 100 mg vaginal progesterone)","placebo","severity of any neonatal respiratory disease","binary",FALSE,"comparator_events",7,TRUE,61,TRUE,"FN"
"666",5614421,"vaginal progesterone pessaries (equivalent to 100 mg vaginal progesterone)","placebo","severity of any neonatal respiratory disease","binary",FALSE,"intervention_events",8,TRUE,64,TRUE,"FN"
"667",5617873,"Aripiprazole","Placbeo","Clinician-rated Clinical Global Impression-Improvement scores","continuous",FALSE,"comparator_standard_deviation",0.1,TRUE,NA,TRUE,"FN"
"668",5617873,"Aripiprazole","Placbeo","Clinician-rated Clinical Global Impression-Improvement scores","continuous",FALSE,"intervention_mean",2.4,TRUE,2.7,TRUE,"FN"
"669",5617873,"Aripiprazole","Placbeo","Clinician-rated Clinical Global Impression-Improvement scores","continuous",FALSE,"intervention_standard_deviation",0.1,TRUE,NA,TRUE,"FN"
"670",5617873,"Aripiprazole","Placbeo","Compulsion scale","continuous",FALSE,"comparator_mean",-2,TRUE,-1.3,TRUE,"FN"
"671",5617873,"Aripiprazole","Placbeo","Compulsion scale","continuous",FALSE,"comparator_standard_deviation",0.5,TRUE,NA,TRUE,"FN"
"672",5617873,"Aripiprazole","Placbeo","Compulsion scale","continuous",FALSE,"intervention_mean",-1.3,TRUE,-2,TRUE,"FN"
"673",5617873,"Aripiprazole","Placbeo","Compulsion scale","continuous",FALSE,"intervention_standard_deviation",0.5,TRUE,NA,TRUE,"FN"
"674",5617873,"Aripiprazole","Placbeo","Inappropriate speech","continuous",FALSE,"comparator_standard_deviation",0.4,TRUE,NA,TRUE,"FN"
"675",5617873,"Aripiprazole","Placbeo","Inappropriate speech","continuous",FALSE,"intervention_standard_deviation",0.4,TRUE,NA,TRUE,"FN"
"676",5617873,"Aripiprazole","Placbeo","Parent-rated Aberrant Behavior Checklis improvement","continuous",FALSE,"comparator_standard_deviation",1.4,TRUE,NA,TRUE,"FN"
"677",5617873,"Aripiprazole","Placbeo","Parent-rated Aberrant Behavior Checklis improvement","continuous",FALSE,"intervention_standard_deviation",1.3,TRUE,NA,TRUE,"FN"
"678",5617873,"Aripiprazole","Placbeo","Social withdrawal","continuous",FALSE,"comparator_mean",-5.2,TRUE,-4.7,TRUE,"FN"
"679",5617873,"Aripiprazole","Placbeo","Social withdrawal","continuous",FALSE,"comparator_standard_deviation",1,TRUE,NA,TRUE,"FN"
"680",5617873,"Aripiprazole","Placbeo","Social withdrawal","continuous",FALSE,"intervention_mean",-4.7,TRUE,-5.2,TRUE,"FN"
"681",5617873,"Aripiprazole","Placbeo","Social withdrawal","continuous",FALSE,"intervention_standard_deviation",1.1,TRUE,NA,TRUE,"FN"
"682",5686687,"Resveratrol","Placebo","CA-125 levels","continuous",FALSE,"comparator_group_size",22,TRUE,NA,TRUE,"FN"
"683",5686687,"Resveratrol","Placebo","CA-125 levels","continuous",FALSE,"intervention_group_size",22,TRUE,NA,TRUE,"FN"
"684",5686687,"Resveratrol","Placebo","Need for Ibuprofen","continuous",FALSE,"comparator_group_size",22,TRUE,5,TRUE,"FN"
"685",5686687,"Resveratrol","Placebo","Need for Ibuprofen","continuous",FALSE,"intervention_group_size",22,TRUE,5,TRUE,"FN"
"686",5686687,"Resveratrol","Placebo","Need for dipyrone","continuous",FALSE,"comparator_group_size",22,TRUE,5,TRUE,"FN"
"687",5686687,"Resveratrol","Placebo","Need for dipyrone","continuous",FALSE,"intervention_group_size",22,TRUE,5,TRUE,"FN"
"688",5686687,"Resveratrol","Placebo","Pain","continuous",FALSE,"comparator_standard_deviation",3.35,TRUE,3.16,TRUE,"FN"
"689",5686687,"Resveratrol","Placebo","Pain","continuous",FALSE,"intervention_standard_deviation",2.63,TRUE,2.48,TRUE,"FN"
"690",5686687,"Resveratrol","Placebo","Prolactin levels","continuous",FALSE,"comparator_group_size",22,TRUE,NA,TRUE,"FN"
"691",5686687,"Resveratrol","Placebo","Prolactin levels","continuous",FALSE,"intervention_group_size",22,TRUE,NA,TRUE,"FN"
"692",5712123,"duloxetine 60 and etoricoxib 120mg (group D/E)","placebo","postoperative pain at rest","continuous",TRUE,"comparator_mean",3,TRUE,NA,TRUE,"FN"
"693",5712123,"duloxetine 60 and etoricoxib 120mg (group D/E)","placebo","postoperative pain at rest","continuous",TRUE,"intervention_mean",2,TRUE,NA,TRUE,"FN"
"694",5712123,"duloxetine 60 and etoricoxib 120mg (group D/E)","placebo","postoperative pain on movement","continuous",TRUE,"comparator_mean",3,TRUE,NA,TRUE,"FN"
"695",5712123,"duloxetine 60 and etoricoxib 120mg (group D/E)","placebo","postoperative pain on movement","continuous",TRUE,"intervention_mean",3.5,TRUE,NA,TRUE,"FN"
"696",5773985,"0.5% bupivacaine with 1:200000 epinephrine in group I","mixture of 39 ml of 0.5% bupivacaine with epinephrine 1:200000 and 1 ml of 300 _g buprenorphine (3 _g/kg)in group II","number of analgesic tablets","continuous",FALSE,"comparator_mean",NA,TRUE,0.8,TRUE,"FP"
"697",5773985,"0.5% bupivacaine with 1:200000 epinephrine in group I","mixture of 39 ml of 0.5% bupivacaine with epinephrine 1:200000 and 1 ml of 300 _g buprenorphine (3 _g/kg)in group II","number of analgesic tablets","continuous",FALSE,"comparator_standard_deviation",NA,TRUE,1.08,TRUE,"FP"
"698",5773985,"0.5% bupivacaine with 1:200000 epinephrine in group I","mixture of 39 ml of 0.5% bupivacaine with epinephrine 1:200000 and 1 ml of 300 _g buprenorphine (3 _g/kg)in group II","number of analgesic tablets","continuous",FALSE,"intervention_mean",NA,TRUE,1.64,TRUE,"FP"
"699",5773985,"0.5% bupivacaine with 1:200000 epinephrine in group I","mixture of 39 ml of 0.5% bupivacaine with epinephrine 1:200000 and 1 ml of 300 _g buprenorphine (3 _g/kg)in group II","number of analgesic tablets","continuous",FALSE,"intervention_standard_deviation",NA,TRUE,0.99,TRUE,"FP"
"700",5777419,"antibiotic","placebo","attachment gain","continuous",FALSE,"comparator_mean",4.3,TRUE,0.4,TRUE,"FN"
"701",5777419,"antibiotic","placebo","attachment gain","continuous",FALSE,"comparator_standard_deviation",1.4,TRUE,NA,TRUE,"FN"
"702",5777419,"antibiotic","placebo","attachment gain","continuous",FALSE,"intervention_mean",4.1,TRUE,0.3,TRUE,"FN"
"703",5777419,"antibiotic","placebo","attachment gain","continuous",FALSE,"intervention_standard_deviation",1,TRUE,NA,TRUE,"FN"
"704",5777419,"antibiotic","placebo","reduction of PPD","continuous",FALSE,"comparator_mean",2.5,TRUE,0.6,TRUE,"FN"
"705",5777419,"antibiotic","placebo","reduction of PPD","continuous",FALSE,"comparator_standard_deviation",0.6,TRUE,NA,TRUE,"FN"
"706",5777419,"antibiotic","placebo","reduction of PPD","continuous",FALSE,"intervention_mean",2.3,TRUE,0.6,TRUE,"FN"
"707",5777419,"antibiotic","placebo","reduction of PPD","continuous",FALSE,"intervention_standard_deviation",0.3,TRUE,NA,TRUE,"FN"
"708",5777419,"antibiotic","placebo","reduction of plaque","continuous",FALSE,"comparator_mean",27.4,TRUE,28.7,TRUE,"FN"
"709",5777419,"antibiotic","placebo","reduction of plaque","continuous",FALSE,"comparator_standard_deviation",13,TRUE,NA,TRUE,"FN"
"710",5777419,"antibiotic","placebo","reduction of plaque","continuous",FALSE,"intervention_mean",31.8,TRUE,26.8,TRUE,"FN"
"711",5777419,"antibiotic","placebo","reduction of plaque","continuous",FALSE,"intervention_standard_deviation",14.8,TRUE,NA,TRUE,"FN"
"712",5777419,"probiotic","placebo","attachment gain","continuous",FALSE,"comparator_mean",4.3,TRUE,0.4,TRUE,"FN"
"713",5777419,"probiotic","placebo","attachment gain","continuous",FALSE,"comparator_standard_deviation",1.4,TRUE,NA,TRUE,"FN"
"714",5777419,"probiotic","placebo","attachment gain","continuous",FALSE,"intervention_mean",3.4,TRUE,0.4,TRUE,"FN"
"715",5777419,"probiotic","placebo","attachment gain","continuous",FALSE,"intervention_standard_deviation",0.6,TRUE,NA,TRUE,"FN"
"716",5777419,"probiotic","placebo","reduction of PPD","continuous",FALSE,"comparator_mean",2.5,TRUE,0.6,TRUE,"FN"
"717",5777419,"probiotic","placebo","reduction of PPD","continuous",FALSE,"comparator_standard_deviation",0.6,TRUE,NA,TRUE,"FN"
"718",5777419,"probiotic","placebo","reduction of PPD","continuous",FALSE,"intervention_mean",2.2,TRUE,0.5,TRUE,"FN"
"719",5777419,"probiotic","placebo","reduction of PPD","continuous",FALSE,"intervention_standard_deviation",0.3,TRUE,NA,TRUE,"FN"
"720",5777419,"probiotic","placebo","reduction of plaque","continuous",FALSE,"comparator_mean",27.4,TRUE,28.7,TRUE,"FN"
"721",5777419,"probiotic","placebo","reduction of plaque","continuous",FALSE,"comparator_standard_deviation",13,TRUE,NA,TRUE,"FN"
"722",5777419,"probiotic","placebo","reduction of plaque","continuous",FALSE,"intervention_mean",28.1,TRUE,26.4,TRUE,"FN"
"723",5777419,"probiotic","placebo","reduction of plaque","continuous",FALSE,"intervention_standard_deviation",14.6,TRUE,NA,TRUE,"FN"
"724",5781260,"lemon verbena extract","placebo","Exercise-induced Creatine kinase (CK)","continuous",TRUE,"comparator_mean",160,TRUE,NA,TRUE,"FN"
"725",5781260,"lemon verbena extract","placebo","Exercise-induced Creatine kinase (CK)","continuous",TRUE,"intervention_group_size",20,TRUE,17,TRUE,"FN"
"726",5781260,"lemon verbena extract","placebo","Exercise-induced Creatine kinase (CK)","continuous",TRUE,"intervention_mean",80,TRUE,NA,TRUE,"FN"
"727",5781260,"lemon verbena extract","placebo","Glutathione peroxidase (GPxP)","continuous",TRUE,"comparator_mean",-1.5,TRUE,NA,TRUE,"FN"
"728",5781260,"lemon verbena extract","placebo","Glutathione peroxidase (GPxP)","continuous",TRUE,"intervention_group_size",20,TRUE,17,TRUE,"FN"
"729",5781260,"lemon verbena extract","placebo","Glutathione peroxidase (GPxP)","continuous",TRUE,"intervention_mean",0.5,TRUE,NA,TRUE,"FN"
"730",5781260,"lemon verbena extract","placebo","Interleukin 6","continuous",FALSE,"intervention_group_size",20,TRUE,17,TRUE,"FN"
"731",5781260,"lemon verbena extract","placebo","Movement induced pain (VAS)","continuous",FALSE,"comparator_mean",2,TRUE,NA,TRUE,"FN"
"732",5781260,"lemon verbena extract","placebo","Movement induced pain (VAS)","continuous",FALSE,"intervention_group_size",20,TRUE,17,TRUE,"FN"
"733",5781260,"lemon verbena extract","placebo","Movement induced pain (VAS)","continuous",FALSE,"intervention_mean",1.5,TRUE,NA,TRUE,"FN"
"734",5781260,"lemon verbena extract","placebo","adverse events","binary",FALSE,"comparator_group_size",20,TRUE,22,TRUE,"FN"
"735",5781260,"lemon verbena extract","placebo","adverse events","binary",FALSE,"intervention_group_size",20,TRUE,22,TRUE,"FN"
"736",5781260,"lemon verbena extract","placebo","exercise-related loss of muscle strength (MVC)","continuous",TRUE,"comparator_mean",-25,TRUE,NA,TRUE,"FN"
"737",5781260,"lemon verbena extract","placebo","exercise-related loss of muscle strength (MVC)","continuous",TRUE,"intervention_group_size",20,TRUE,17,TRUE,"FN"
"738",5781260,"lemon verbena extract","placebo","exercise-related loss of muscle strength (MVC)","continuous",TRUE,"intervention_mean",0,TRUE,NA,TRUE,"FN"
"739",5800236,"Nacadia® nature-based therapy","Cognitive behavioral therapy","Months of sick leave","continuous",TRUE,"comparator_group_size",35,TRUE,NA,TRUE,"FN"
"740",5800236,"Nacadia® nature-based therapy","Cognitive behavioral therapy","Months of sick leave","continuous",TRUE,"intervention_group_size",37,TRUE,NA,TRUE,"FN"
"741",5830087,"BTH1677 arm ( intravenous [IV] BTH1677, 4 mg/kg, weekly; IV bevacizumab, 15 mg/kg, once each 3-week cycle [Q3W]; IV carboplatin, 6 mg/mL/min Calvert formula area-under-the-curve, Q3W; and IV paclitaxel, 200 mg/m2, Q3W)","Control arm ( bevacizumab/carboplatin/paclitaxel as above)","duration of objective response","continuous",FALSE,"comparator_group_size",23,TRUE,10,TRUE,"FN"
"742",5830087,"BTH1677 arm ( intravenous [IV] BTH1677, 4 mg/kg, weekly; IV bevacizumab, 15 mg/kg, once each 3-week cycle [Q3W]; IV carboplatin, 6 mg/mL/min Calvert formula area-under-the-curve, Q3W; and IV paclitaxel, 200 mg/m2, Q3W)","Control arm ( bevacizumab/carboplatin/paclitaxel as above)","duration of objective response","continuous",FALSE,"intervention_group_size",48,TRUE,29,TRUE,"FN"
"743",5830087,"BTH1677 arm ( intravenous [IV] BTH1677, 4 mg/kg, weekly; IV bevacizumab, 15 mg/kg, once each 3-week cycle [Q3W]; IV carboplatin, 6 mg/mL/min Calvert formula area-under-the-curve, Q3W; and IV paclitaxel, 200 mg/m2, Q3W)","Control arm ( bevacizumab/carboplatin/paclitaxel as above)","progression-free survival","continuous",FALSE,"intervention_group_size",48,TRUE,50,TRUE,"FN"
"744",5874317,"Bilateral training","Unilateral training","Horizontal triple jump (non-dominant leg)","continuous",FALSE,"comparator_mean",5.7,TRUE,6.35,TRUE,"FN"
"745",5874317,"Bilateral training","Unilateral training","Horizontal triple jump (non-dominant leg)","continuous",FALSE,"comparator_standard_deviation",0.45,TRUE,0.34,TRUE,"FN"
"746",5874317,"Bilateral training","Unilateral training","Horizontal triple jump (non-dominant leg)","continuous",FALSE,"intervention_mean",5.71,TRUE,6.29,TRUE,"FN"
"747",5874317,"Bilateral training","Unilateral training","Horizontal triple jump (non-dominant leg)","continuous",FALSE,"intervention_standard_deviation",0.71,TRUE,0.31,TRUE,"FN"
"748",5976307,"etomidate","propofol based on midazolam","the incidence rate of adverse events disturbing the procedure","binary",FALSE,"comparator_events",16,TRUE,5,TRUE,"FN"
"749",5976307,"etomidate","propofol based on midazolam","the incidence rate of adverse events disturbing the procedure","binary",FALSE,"intervention_events",5,TRUE,16,TRUE,"FN"
"750",5976949,"GDM2 (less tight glycaemic targets, <5.3 mmol/L and < 7.8 mmol/L)","GDM1 (tight glycaemic targets, fasting blood glucose_<_5.1_mmol/L and <7.0_mmol/L postprandial) postprandial,), control group- normal glucose tolerance","leptin/adiponectin ratio (LAR)","continuous",FALSE,"comparator_group_size",45,TRUE,NA,TRUE,"FN"
"751",5976949,"GDM2 (less tight glycaemic targets, <5.3 mmol/L and < 7.8 mmol/L)","GDM1 (tight glycaemic targets, fasting blood glucose_<_5.1_mmol/L and <7.0_mmol/L postprandial) postprandial,), control group- normal glucose tolerance","leptin/adiponectin ratio (LAR)","continuous",FALSE,"comparator_mean",1.66,TRUE,NA,TRUE,"FN"
"752",5976949,"GDM2 (less tight glycaemic targets, <5.3 mmol/L and < 7.8 mmol/L)","GDM1 (tight glycaemic targets, fasting blood glucose_<_5.1_mmol/L and <7.0_mmol/L postprandial) postprandial,), control group- normal glucose tolerance","leptin/adiponectin ratio (LAR)","continuous",FALSE,"intervention_standard_deviation",NA,TRUE,1.66,TRUE,"FP"
