{
  "aggregated": {
    "precision": 0.9215686274509803,
    "recall": 0.5164835164835165,
    "f1": 0.6619718309859155,
    "rmse": 30.164883501005168,
    "true_positives": 94,
    "false_positives": 8,
    "false_negatives": 88,
    "exact_match": 0.46511627906976744
  },
  "by_field": {
    "comparator_events": {
      "precision": 0.875,
      "recall": 0.875,
      "f1": 0.875,
      "rmse": 4.242640687119285,
      "true_positives": 7,
      "false_positives": 1,
      "false_negatives": 1
    },
    "comparator_group_size": {
      "precision": 1.0,
      "recall": 0.5609756097560976,
      "f1": 0.71875,
      "rmse": 2.791929761808451,
      "true_positives": 23,
      "false_positives": 0,
      "false_negatives": 18
    },
    "comparator_mean": {
      "precision": 1.0,
      "recall": 0.34782608695652173,
      "f1": 0.5161290322580645,
      "rmse": 3.9023677316526038,
      "true_positives": 8,
      "false_positives": 0,
      "false_negatives": 15
    },
    "comparator_standard_deviation": {
      "precision": 0.75,
      "recall": 0.47368421052631576,
      "f1": 0.5806451612903226,
      "rmse": 4.55749989173427,
      "true_positives": 9,
      "false_positives": 3,
      "false_negatives": 10
    },
    "intervention_events": {
      "precision": 0.875,
      "recall": 0.875,
      "f1": 0.875,
      "rmse": 2.8284271247461903,
      "true_positives": 7,
      "false_positives": 1,
      "false_negatives": 1
    },
    "intervention_group_size": {
      "precision": 1.0,
      "recall": 0.5609756097560976,
      "f1": 0.71875,
      "rmse": 3.4899122022605638,
      "true_positives": 23,
      "false_positives": 0,
      "false_negatives": 18
    },
    "intervention_mean": {
      "precision": 1.0,
      "recall": 0.391304347826087,
      "f1": 0.5625,
      "rmse": 76.47038093843632,
      "true_positives": 9,
      "false_positives": 0,
      "false_negatives": 14
    },
    "intervention_standard_deviation": {
      "precision": 0.7272727272727273,
      "recall": 0.42105263157894735,
      "f1": 0.5333333333333333,
      "rmse": 36.804143144917525,
      "true_positives": 8,
      "false_positives": 3,
      "false_negatives": 11
    }
  }
}