{
  "run_name": "gpt_5_1_gpt5direct_20251203_230647",
  "num_articles": 2,
  "total_gold_facts": 16,
  "total_pred_facts": 22,
  "total_tp": 13,
  "total_fp_in_gold": 3,
  "total_fn": 3,
  "total_extra_predictions": 4,
  "macro_precision": 0.7916666666666667,
  "macro_recall": 0.7916666666666667,
  "macro_f1": 0.7916666666666667,
  "micro_precision": 0.8125,
  "micro_recall": 0.8125,
  "micro_f1": 0.8125
}