pmcid,filename,gold_fields,pred_fields,tp,fp,fn,tn,precision,recall,f1
115849,115849_fewshot.jsonl,62,74,62,12,0,158,0.8378378378378378,1.0,0.911764705882353
1475568,1475568_fewshot.jsonl,52,54,40,4,12,64,0.9090909090909091,0.7692307692307693,0.8333333333333333
2596788,2596788_fewshot.jsonl,4,4,4,0,0,4,1.0,1.0,1.0
2667135,2667135_fewshot.jsonl,16,16,15,0,1,16,1.0,0.9375,0.967741935483871
547916,547916_fewshot.jsonl,6,6,6,0,0,2,1.0,1.0,1.0
