{
  "run_name": "gemini_2_5_pro_fewshot_20251208_123411",
  "num_articles": 5,
  "total_gold_fields": 140,
  "total_pred_fields": 154,
  "total_tp": 127,
  "total_fp": 16,
  "total_fn": 13,
  "total_tn": 244,
  "macro_precision": 0.9493857493857494,
  "macro_recall": 0.9413461538461538,
  "macro_f1": 0.9425679949399115,
  "micro_precision": 0.8881118881118881,
  "micro_recall": 0.9071428571428571,
  "micro_f1": 0.8975265017667844
}