{
  "aggregated": {
    "precision": 1.0,
    "recall": 0.4016393442622951,
    "f1": 0.5730994152046784,
    "rmse": 42.757598341219904,
    "true_positives": 49,
    "false_positives": 0,
    "false_negatives": 73,
    "exact_match": 0.37037037037037035
  },
  "by_field": {
    "comparator_events": {
      "precision": 1.0,
      "recall": 1.0,
      "f1": 1.0,
      "rmse": 0.0,
      "true_positives": 1,
      "false_positives": 0,
      "false_negatives": 0
    },
    "comparator_group_size": {
      "precision": 1.0,
      "recall": 0.32,
      "f1": 0.48484848484848486,
      "rmse": 0.0,
      "true_positives": 8,
      "false_positives": 0,
      "false_negatives": 17
    },
    "comparator_mean": {
      "precision": 1.0,
      "recall": 0.4444444444444444,
      "f1": 0.6153846153846153,
      "rmse": 3.8924777884187534,
      "true_positives": 8,
      "false_positives": 0,
      "false_negatives": 10
    },
    "comparator_standard_deviation": {
      "precision": 1.0,
      "recall": 0.47058823529411764,
      "f1": 0.6399999999999999,
      "rmse": 4.759110767162038,
      "true_positives": 8,
      "false_positives": 0,
      "false_negatives": 9
    },
    "intervention_events": {
      "precision": 1.0,
      "recall": 1.0,
      "f1": 1.0,
      "rmse": 0.0,
      "true_positives": 1,
      "false_positives": 0,
      "false_negatives": 0
    },
    "intervention_group_size": {
      "precision": 1.0,
      "recall": 0.32,
      "f1": 0.48484848484848486,
      "rmse": 0.0,
      "true_positives": 8,
      "false_positives": 0,
      "false_negatives": 17
    },
    "intervention_mean": {
      "precision": 1.0,
      "recall": 0.4444444444444444,
      "f1": 0.6153846153846153,
      "rmse": 86.44104307432772,
      "true_positives": 8,
      "false_positives": 0,
      "false_negatives": 10
    },
    "intervention_standard_deviation": {
      "precision": 1.0,
      "recall": 0.4117647058823529,
      "f1": 0.5833333333333334,
      "rmse": 38.90255102780008,
      "true_positives": 7,
      "false_positives": 0,
      "false_negatives": 10
    }
  }
}