{
  "aggregated": {
    "precision": 0.9347826086956522,
    "recall": 0.5058823529411764,
    "f1": 0.6564885496183206,
    "rmse": 33.45212131512631,
    "true_positives": 86,
    "false_positives": 6,
    "false_negatives": 84,
    "exact_match": 0.475
  },
  "by_field": {
    "comparator_events": {
      "precision": 0.7777777777777778,
      "recall": 0.875,
      "f1": 0.823529411764706,
      "rmse": 4.242640687119285,
      "true_positives": 7,
      "false_positives": 2,
      "false_negatives": 1
    },
    "comparator_group_size": {
      "precision": 0.9545454545454546,
      "recall": 0.5526315789473685,
      "f1": 0.7000000000000001,
      "rmse": 2.866394288337914,
      "true_positives": 21,
      "false_positives": 1,
      "false_negatives": 17
    },
    "comparator_mean": {
      "precision": 1.0,
      "recall": 0.35,
      "f1": 0.5185185185185185,
      "rmse": 27.551534712244255,
      "true_positives": 7,
      "false_positives": 0,
      "false_negatives": 13
    },
    "comparator_standard_deviation": {
      "precision": 1.0,
      "recall": 0.42105263157894735,
      "f1": 0.5925925925925926,
      "rmse": 4.6823860251893885,
      "true_positives": 8,
      "false_positives": 0,
      "false_negatives": 11
    },
    "intervention_events": {
      "precision": 0.7777777777777778,
      "recall": 0.875,
      "f1": 0.823529411764706,
      "rmse": 2.8284271247461903,
      "true_positives": 7,
      "false_positives": 2,
      "false_negatives": 1
    },
    "intervention_group_size": {
      "precision": 0.9545454545454546,
      "recall": 0.5526315789473685,
      "f1": 0.7000000000000001,
      "rmse": 3.5829928604223924,
      "true_positives": 21,
      "false_positives": 1,
      "false_negatives": 17
    },
    "intervention_mean": {
      "precision": 1.0,
      "recall": 0.4,
      "f1": 0.5714285714285715,
      "rmse": 84.69404734100266,
      "true_positives": 8,
      "false_positives": 0,
      "false_negatives": 12
    },
    "intervention_standard_deviation": {
      "precision": 1.0,
      "recall": 0.3684210526315789,
      "f1": 0.5384615384615384,
      "rmse": 37.81266256163404,
      "true_positives": 7,
      "false_positives": 0,
      "false_negatives": 12
    }
  }
}