{
  "run_name": "claude_opus_4_5_direct_20251204_154011",
  "num_articles": 3,
  "total_gold_facts": 40,
  "total_pred_facts": 41,
  "total_tp": 23,
  "total_fp_in_gold": 14,
  "total_fn": 17,
  "total_extra_predictions": 4,
  "macro_precision": 0.753968253968254,
  "macro_recall": 0.7361111111111112,
  "macro_f1": 0.7444444444444445,
  "micro_precision": 0.6216216216216216,
  "micro_recall": 0.575,
  "micro_f1": 0.5974025974025973
}