pmcid,filename,gold_facts,pred_facts,tp,fp_in_gold,fn,extra_predictions,precision,recall,f1
1863515,1863515_direct.jsonl,24,21,9,12,15,0,0.42857142857142855,0.375,0.39999999999999997
2363753,2363753_direct.jsonl,12,16,10,2,2,4,0.8333333333333334,0.8333333333333334,0.8333333333333334
2596788,2596788_direct.jsonl,4,4,4,0,0,0,1.0,1.0,1.0
