{
  "run_name": "claude_opus_4_5_direct_20251204_151753",
  "num_articles": 2,
  "total_gold_facts": 16,
  "total_pred_facts": 20,
  "total_tp": 14,
  "total_fp_in_gold": 2,
  "total_fn": 2,
  "total_extra_predictions": 4,
  "macro_precision": 0.9166666666666667,
  "macro_recall": 0.9166666666666667,
  "macro_f1": 0.9166666666666667,
  "micro_precision": 0.875,
  "micro_recall": 0.875,
  "micro_f1": 0.875
}